"","task","ID","features","matching","NA"
"1","no_gap","R_08x3yfNtCFtgBYl","conj","m",1.873
"2","no_gap","R_0OmSAzFURsT3hND","conj","m",0.72725
"3","no_gap","R_10ZPMCCzcV8FG6A","conj","m",1.186375
"4","no_gap","R_12s68Ligswec1t3","conj","m",0.520857142857143
"5","no_gap","R_1BPAkPhD282eIwa","conj","m",0.8515
"6","no_gap","R_1CDQa7qsN9RNzFH","conj","m",1.142125
"7","no_gap","R_1CJcSTbRoTUCqgI","conj","m",0.980857142857143
"8","no_gap","R_1cUmxE0nB0eQ5tx","conj","m",0.847875
"9","no_gap","R_1cUnP5PoHL3kGw8","conj","m",1.169
"10","no_gap","R_1cZYqPuI2ovCe8d","conj","m",0.568166666666667
"11","no_gap","R_1DuNzuDT2Ly6aYo","conj","m",1.084125
"12","no_gap","R_1Ej3yOyXSRu4rHj","conj","m",0.44
"13","no_gap","R_1eK9C4dUWMG5UoE","conj","m",0.571625
"14","no_gap","R_1erta2V92H4drrE","conj","m",1.11714285714286
"15","no_gap","R_1ex76BKICzdLpi3","conj","m",0.815375
"16","no_gap","R_1flJVVkbxzk1i5c","conj","m",0.52225
"17","no_gap","R_1g6KjG4gA3vEJF7","conj","m",0.9295
"18","no_gap","R_1gHKNsWNE1ugMUa","conj","m",1.109375
"19","no_gap","R_1HkLtKPGeWEXFwg","conj","m",0.905625
"20","no_gap","R_1HpZbLVjg7CUvTk","conj","m",0.933714285714286
"21","no_gap","R_1hzkst2wvP8JIH4","conj","m",0.75125
"22","no_gap","R_1IfTVw1P9JXGPqL","conj","m",0.593875
"23","no_gap","R_1imoeufCHjjazMW","conj","m",0.68125
"24","no_gap","R_1IR8kofj9wFWdIF","conj","m",1.24
"25","no_gap","R_1ISOn43feC1HgrC","conj","m",1.34057142857143
"26","no_gap","R_1IXVr7a4rbLclDy","conj","m",1.443
"27","no_gap","R_1jCgwQdSLoXJHUV","conj","m",1.383625
"28","no_gap","R_1jDKVL7IiGl9Yg2","conj","m",1.28285714285714
"29","no_gap","R_1jE8xih7Lg9IirX","conj","m",0.428
"30","no_gap","R_1jH3pdKIvdSHNIY","conj","m",0.593
"31","no_gap","R_1jrzi2l761541zF","conj","m",0.672875
"32","no_gap","R_1K3eLYRF0WM0F1x","conj","m",1.080625
"33","no_gap","R_1K6KGucq5uhaFzv","conj","m",1.40325
"34","no_gap","R_1K71a7Ou0dd9RDl","conj","m",0.927857142857143
"35","no_gap","R_1KqDdYqdsxJyWIf","conj","m",0.75775
"36","no_gap","R_1LXmTvk5iLuGEaA","conj","m",0.691
"37","no_gap","R_1lzzukvJq3atYiQ","conj","m",0.701875
"38","no_gap","R_1mC4cBupoC4tHV4","conj","m",0.771625
"39","no_gap","R_1mIULYprIrOv92G","conj","m",0.5455
"40","no_gap","R_1mmFOe3uknXraci","conj","m",1.173625
"41","no_gap","R_1nOO1BGaTXG8VNZ","conj","m",1.080875
"42","no_gap","R_1nOQ0qbgqQcSRz6","conj","m",0.802
"43","no_gap","R_1OkOyQCupky29ws","conj","m",0.645714285714286
"44","no_gap","R_1OVnUIQoDvuoLoa","conj","m",0.980125
"45","no_gap","R_1PemspRhIIq93Jq","conj","m",1.46814285714286
"46","no_gap","R_1pMrEEZMbPml0WU","conj","m",0.609285714285714
"47","no_gap","R_1pukYYnbpsfMrZv","conj","m",0.722625
"48","no_gap","R_1PXVhaM73VwX7i7","conj","m",0.422875
"49","no_gap","R_1QDSGYxg9iGBQ1N","conj","m",1.21925
"50","no_gap","R_1qXpoOypYbjTRWl","conj","m",1.233
"51","no_gap","R_1rla5wg2eJeofgU","conj","m",0.713
"52","no_gap","R_1rvojTzRtsDhwWZ","conj","m",0.4405
"53","no_gap","R_1XqCDwzg1i2Esxj","conj","m",1.045875
"54","no_gap","R_20Mv4w5vYeNCTls","conj","m",0.802875
"55","no_gap","R_23TwjQv7jVMZAHh","conj","m",1.53942857142857
"56","no_gap","R_24HieJfWwUqqVSw","conj","m",1.23914285714286
"57","no_gap","R_24jTtLg98nGv99c","conj","m",0.668875
"58","no_gap","R_25BzCJwLFrqdpOi","conj","m",1.569
"59","no_gap","R_27EkFokF3zDCAFg","conj","m",0.64175
"60","no_gap","R_27HkygMlXuzFDss","conj","m",1.38157142857143
"61","no_gap","R_28B8ByTcmPbYYBi","conj","m",0.858375
"62","no_gap","R_290a4seCfd02VPe","conj","m",0.86875
"63","no_gap","R_29buJYsXisup2Mb","conj","m",1.20642857142857
"64","no_gap","R_2aDYCLDeHnDcoTK","conj","m",0.702875
"65","no_gap","R_2AZHWSSUZ7gAeVu","conj","m",1.641125
"66","no_gap","R_2BnRYuqRU9MgxDH","conj","m",0.843625
"67","no_gap","R_2BtIrCsNLg3M5Hv","conj","m",0.991875
"68","no_gap","R_2c6m9mRMP3vRtxF","conj","m",0.788
"69","no_gap","R_2cc7FPRMpuGx2CV","conj","m",0.458285714285714
"70","no_gap","R_2CDt4ymTrZ6kFn0","conj","m",2.1095
"71","no_gap","R_2cnGgIRvbYUU2JM","conj","m",1.056875
"72","no_gap","R_2cvhE0HTQ1JO49j","conj","m",1.296
"73","no_gap","R_2dYKuSke1t2VOfa","conj","m",0.64975
"74","no_gap","R_2f6VCNeHmcSqTrE","conj","m",0.757875
"75","no_gap","R_2fD1bJjW95gw3LB","conj","m",1.0615
"76","no_gap","R_2P1NXSwrNBPPbSy","conj","m",1.5005
"77","no_gap","R_2P5OftLBu8Xnm63","conj","m",0.659125
"78","no_gap","R_2pJiC30bA23mBP9","conj","m",0.789875
"79","no_gap","R_2QggTeu9uNjR2Kz","conj","m",1.35657142857143
"80","no_gap","R_2Qn8nKQlmurWj6x","conj","m",1.35728571428571
"81","no_gap","R_2qxGC4cTbe7xhyS","conj","m",0.577
"82","no_gap","R_2R81qJfBkmFANkJ","conj","m",0.850166666666667
"83","no_gap","R_2rVd3Udq0Naa4tm","conj","m",0.827125
"84","no_gap","R_2s5BrOZwyfMmXNT","conj","m",0.870571428571429
"85","no_gap","R_2saKX0rCpQMSpWC","conj","m",0.802625
"86","no_gap","R_2sZwXaQWcDrXX4J","conj","m",0.5395
"87","no_gap","R_2t2RITW5Msrt0v1","conj","m",0.678375
"88","no_gap","R_2t8PKxoTop4myWX","conj","m",0.976875
"89","no_gap","R_2TvjCe31vsmiZgF","conj","m",0.68825
"90","no_gap","R_2tzNr5GcFWibgNj","conj","m",0.930285714285714
"91","no_gap","R_2uaROXK2JM6R5KN","conj","m",0.5225
"92","no_gap","R_2uEyL6gg252E1VJ","conj","m",0.987875
"93","no_gap","R_2uPd3IAgL1aElYJ","conj","m",0.585
"94","no_gap","R_2UYj6qVJqb6JhXS","conj","m",0.906375
"95","no_gap","R_2v1EkCyV15Ok7D5","conj","m",0.420625
"96","no_gap","R_2v6M4LykwnHQpey","conj","m",0.76725
"97","no_gap","R_2wgkGKCmXhgbs6f","conj","m",0.659
"98","no_gap","R_2whKJfx0Nt043dd","conj","m",0.44375
"99","no_gap","R_2xIZjV9sIl4RF6P","conj","m",1.15025
"100","no_gap","R_2xxfsrIN77B2IyP","conj","m",1.24542857142857
"101","no_gap","R_2Y5SgzE2hzm4IzP","conj","m",1.341625
"102","no_gap","R_2zMG3pjpYVG6q9D","conj","m",1.27483333333333
"103","no_gap","R_2zZOxm6mvhN3djv","conj","m",0.456625
"104","no_gap","R_31HQAyCP0raT1FV","conj","m",0.44225
"105","no_gap","R_32Ph5gf2egyE3BQ","conj","m",0.716
"106","no_gap","R_32SfLOnCsAkGpkr","conj","m",0.660625
"107","no_gap","R_389Zio7QxIjX2Gl","conj","m",1.626375
"108","no_gap","R_3CE2psUILAye8Gw","conj","m",1.43783333333333
"109","no_gap","R_3CQ5KT4CZBYWAlC","conj","m",0.562875
"110","no_gap","R_3dG1KAXAFwYYSNa","conj","m",1.320625
"111","no_gap","R_3dYB6FtZaYKmnQI","conj","m",0.841
"112","no_gap","R_3ekQwKF3mgu5b6t","conj","m",0.550285714285714
"113","no_gap","R_3emJvrH8C0R8XAf","conj","m",1.147125
"114","no_gap","R_3EnIpSKfpoFxj4q","conj","m",1.215625
"115","no_gap","R_3F4Nuu63mcg282m","conj","m",1.1648
"116","no_gap","R_3fekyhJ51vsHhVz","conj","m",0.6665
"117","no_gap","R_3huTrvGn33dOCmD","conj","m",1.3464
"118","no_gap","R_3hxsgJPCQz6ODRf","conj","m",1.45728571428571
"119","no_gap","R_3I6Ku341O3voRKF","conj","m",1.377375
"120","no_gap","R_3IawjgtbqJ8vZS1","conj","m",0.6325
"121","no_gap","R_3IbLExNViiL7Wmj","conj","m",1.755
"122","no_gap","R_3isy7djZDjX51Zy","conj","m",1.498
"123","no_gap","R_3iUBe2A2sqTNxe6","conj","m",0.563142857142857
"124","no_gap","R_3J5dZzQpHZlbptE","conj","m",1.09457142857143
"125","no_gap","R_3J7WamqLp1arSYg","conj","m",0.851125
"126","no_gap","R_3J8imcd2CT8E7nV","conj","m",0.766125
"127","no_gap","R_3JepjzwRIn4QNMa","conj","m",1.04557142857143
"128","no_gap","R_3JKuKZTaXlZlS9L","conj","m",1.139
"129","no_gap","R_3L0GKcwhfD3ONGp","conj","m",0.625875
"130","no_gap","R_3L8bKSLPWWYQbb1","conj","m",1.06325
"131","no_gap","R_3lA2P9y5IuW1K16","conj","m",0.587166666666667
"132","no_gap","R_3lQSewC3zD0cqPm","conj","m",0.484875
"133","no_gap","R_3lW8WmUtn8ktnqb","conj","m",1.66
"134","no_gap","R_3LYmXrQqAEkquZp","conj","m",0.631
"135","no_gap","R_3m29EB99jBC3eYM","conj","m",0.860571428571429
"136","no_gap","R_3mfrYYubAvKcVXD","conj","m",0.63875
"137","no_gap","R_3MrsBALpPMDdc4K","conj","m",1.85925
"138","no_gap","R_3MsZ1FtrecdI6Bk","conj","m",1.001
"139","no_gap","R_3ni4oB2dXSyqVt5","conj","m",0.638125
"140","no_gap","R_3NLrAGnHeCcusnN","conj","m",0.998428571428571
"141","no_gap","R_3nTN2on5k76PSqy","conj","m",0.714625
"142","no_gap","R_3nuRnyn8F7V1zzY","conj","m",0.938
"143","no_gap","R_3nvCR77A2gIXUnU","conj","m",0.67575
"144","no_gap","R_3OijgTkqK3N1vDR","conj","m",0.748375
"145","no_gap","R_3PH8KwGY7M572k7","conj","m",1.03257142857143
"146","no_gap","R_3PhNSDcozSxV4x6","conj","m",0.542375
"147","no_gap","R_3PHnuh1NwQxBUke","conj","m",0.84325
"148","no_gap","R_3plRloA3DMCWRlm","conj","m",0.668857142857143
"149","no_gap","R_3PoF0xbH4zPk6H9","conj","m",0.923625
"150","no_gap","R_3PUkBY8ioPt2QHk","conj","m",0.91275
"151","no_gap","R_3qE9UFs34ohzB4u","conj","m",0.787857142857143
"152","no_gap","R_3qIGvV1gBPeGAF3","conj","m",0.7365
"153","no_gap","R_3qqgOHNsjhwxEbU","conj","m",0.816625
"154","no_gap","R_3r1hJN0OmOW9eWt","conj","m",1.388
"155","no_gap","R_3r2uzs1xxGdN7Xt","conj","m",1.65228571428571
"156","no_gap","R_3R2V7o3AKvD3riN","conj","m",1.04771428571429
"157","no_gap","R_3sgjFLFAcfatVu1","conj","m",0.768875
"158","no_gap","R_3snnTFxEmMWchE3","conj","m",0.94875
"159","no_gap","R_4HGqzV1TmoKnmRb","conj","m",0.799
"160","no_gap","R_4UcujUnUkeMAjcd","conj","m",1.473625
"161","no_gap","R_5AccJZEMv9dA7ZL","conj","m",1.70316666666667
"162","no_gap","R_5Bl0sD2ma6kOenD","conj","m",2.262875
"163","no_gap","R_6QoG7SGfNSA5MY1","conj","m",1.78014285714286
"164","no_gap","R_78aLaJZ9ov7E4z7","conj","m",1.06716666666667
"165","no_gap","R_7QYLh7Cv4ho9ne9","conj","m",0.899625
"166","no_gap","R_8039DfpRFz4mdlD","conj","m",0.685
"167","no_gap","R_81zsKze4hKiO3Ch","conj","m",0.69175
"168","no_gap","R_821ywZ3Ur7opgmR","conj","m",1.368625
"169","no_gap","R_8qYu2CCKRBiPBjb","conj","m",0.925875
"170","no_gap","R_AhqftoXBoaz9xId","conj","m",1.11642857142857
"171","no_gap","R_aXyHoAyLu9CDc4N","conj","m",0.844285714285714
"172","no_gap","R_BEpHnJisiwxS1z3","conj","m",1.61142857142857
"173","no_gap","R_bj5pW4Iu3tLbUnT","conj","m",2.22533333333333
"174","no_gap","R_bJ8LN8hW9Wr5SFj","conj","m",0.54575
"175","no_gap","R_BV2jiQRnLfyGBYl","conj","m",0.703375
"176","no_gap","R_Cjijzqk1J6xkLdf","conj","m",0.883875
"177","no_gap","R_d6C5372Rri91D57","conj","m",1.0725
"178","no_gap","R_DcbIYJJOl9NfnSV","conj","m",0.49075
"179","no_gap","R_dh9Z16ZeR9OmSJj","conj","m",0.539125
"180","no_gap","R_dm7E2sdo1YUjT3z","conj","m",0.41625
"181","no_gap","R_dmY5Tc0WANqnPs5","conj","m",1.39266666666667
"182","no_gap","R_eai96tm4PUo2JmF","conj","m",0.850285714285714
"183","no_gap","R_eJrfTYcTp9qL7ix","conj","m",0.70575
"184","no_gap","R_eyNfgTiSRXT8Xi9","conj","m",1.294125
"185","no_gap","R_O0WT1fmWD73IgCZ","conj","m",1.0155
"186","no_gap","R_Ope2sXA3sL6z35T","conj","m",0.858125
"187","no_gap","R_PA36VyjszG9W9gt","conj","m",1.15425
"188","no_gap","R_pufazghR2YH4Vqx","conj","m",1.108125
"189","no_gap","R_PYUFtJ6v69P19WF","conj","m",0.760125
"190","no_gap","R_Q3QAyLhzVGkm1hL","conj","m",1.26914285714286
"191","no_gap","R_r25ZrJt80L0xZ5v","conj","m",0.975
"192","no_gap","R_sZRf0Q5e9LGW9gJ","conj","m",2.226875
"193","no_gap","R_tLqTSkDsUZvWP4t","conj","m",0.694125
"194","no_gap","R_tQjTkAdN6h1rHHP","conj","m",0.750125
"195","no_gap","R_UA47gf9TzaRpJ0B","conj","m",1.20657142857143
"196","no_gap","R_UnfbYQPONiXwHgB","conj","m",1.22475
"197","no_gap","R_vcofmMoT48YgqGd","conj","m",1.156875
"198","no_gap","R_vdAXj8lKTQiuvLj","conj","m",1.995
"199","no_gap","R_vl7yAhjMq73ut4l","conj","m",0.961333333333333
"200","no_gap","R_VPabY1AJYIyCZPz","conj","m",1.31957142857143
"201","no_gap","R_W8LdRMuNzFlfzfX","conj","m",0.58225
"202","no_gap","R_WfBh84bVieh94u5","conj","m",1.05571428571429
"203","no_gap","R_xfUcAaPbjk0g6Jz","conj","m",0.689875
"204","no_gap","R_Y050be3d1qTgt21","conj","m",0.782142857142857
"205","no_gap","R_ykzlIRPd0KX2ZW1","conj","m",1.120375
"206","no_gap","R_ypQ4ZCs1p2l24eJ","conj","m",0.60075
"207","no_gap","R_yPWGGeD3XC6CB0t","conj","m",0.774
"208","gap","R_1240oKwSUYFSJUY","conj","m",0.50325
"209","gap","R_125qGAPsEKNgCik","conj","m",0.835571428571429
"210","gap","R_1BYsxPc3DVzRRdc","conj","m",1.179375
"211","gap","R_1C4075atnBURXV9","conj","m",0.59175
"212","gap","R_1Ca7oDDfGUuqpD2","conj","m",0.914428571428571
"213","gap","R_1DUQTsUdLXCAotg","conj","m",0.856857142857143
"214","gap","R_1Ed18J86Ydnz5JK","conj","m",1.41466666666667
"215","gap","R_1F3O1RwVVn1ANjS","conj","m",1.22785714285714
"216","gap","R_1fd9g37kVcLlQon","conj","m",0.810428571428571
"217","gap","R_1fjeMABd9YtFdM2","conj","m",1.007625
"218","gap","R_1FkyCxrQzCKlVM3","conj","m",0.967857142857143
"219","gap","R_1FlZaoI26lrL1xW","conj","m",0.664333333333333
"220","gap","R_1FQy7LAFBlt3sbw","conj","m",1.05871428571429
"221","gap","R_1FzvTdctlBl6mau","conj","m",1.03333333333333
"222","gap","R_1GEw2ntVr6WT5FY","conj","m",0.503
"223","gap","R_1gGFiI9dwPgNWnF","conj","m",0.656285714285714
"224","gap","R_1gTnf5neAjKhFhT","conj","m",1.34533333333333
"225","gap","R_1H5WiYRCLXLoMr6","conj","m",1.040125
"226","gap","R_1hKL5I25Q84xW4U","conj","m",1.98416666666667
"227","gap","R_1hXp8VCud7SMiKb","conj","m",0.661857142857143
"228","gap","R_1IagvrDfWeu1SzI","conj","m",1.412125
"229","gap","R_1iffR2ZzRyikKgD","conj","m",0.832833333333333
"230","gap","R_1jrMskfuP7Mrr9S","conj","m",0.42075
"231","gap","R_1K2LTDdSTkk0CkO","conj","m",0.862125
"232","gap","R_1KkDDjZQonL8jXf","conj","m",1.250375
"233","gap","R_1lo8TnSLVLCPrMI","conj","m",1.051625
"234","gap","R_1Nex25Z07JEPqPT","conj","m",1.00242857142857
"235","gap","R_1oAMtAsotlpba75","conj","m",0.701875
"236","gap","R_1oBEFfxegvaFxqs","conj","m",0.956
"237","gap","R_1OE6gsnJdCYDJNp","conj","m",1.54771428571429
"238","gap","R_1OJJIMbAOHmEsc6","conj","m",0.767428571428571
"239","gap","R_1onlnd0PSlmh0kP","conj","m",0.81675
"240","gap","R_1Oy5gti2oOMkrmx","conj","m",1.20385714285714
"241","gap","R_1pJPjmN0ZA5yTy2","conj","m",1.658625
"242","gap","R_1ptx896QKfU4151","conj","m",1.17542857142857
"243","gap","R_1Q0nnQSbpfMIzl8","conj","m",1.84925
"244","gap","R_1QcQ8lM8sMgbe9Z","conj","m",0.538125
"245","gap","R_1QhHQgn3oncjPVH","conj","m",0.609125
"246","gap","R_1r9CI6AFSBMawII","conj","m",0.684666666666667
"247","gap","R_2107Kbqwjw5sjVi","conj","m",0.477875
"248","gap","R_21A0Opwy47DGP0D","conj","m",0.600857142857143
"249","gap","R_21ixygMv7kGQldy","conj","m",0.574875
"250","gap","R_232mnWKrVorZxtV","conj","m",1.04214285714286
"251","gap","R_23UGi46yIwlgRIg","conj","m",0.743714285714286
"252","gap","R_23V6KyyFTKNSfr0","conj","m",1.215125
"253","gap","R_24f2Xj2zVejGVvr","conj","m",0.615857142857143
"254","gap","R_24MjDzYaj8vSl2F","conj","m",1.129875
"255","gap","R_26aTxals5ya98Bn","conj","m",0.746571428571429
"256","gap","R_27I2lMBC4C9HqXh","conj","m",0.694142857142857
"257","gap","R_27IKiFTRUeouja1","conj","m",0.9845
"258","gap","R_27TjhkHUtsmEKXv","conj","m",1.20616666666667
"259","gap","R_29buiFpEHzEyviM","conj","m",0.52
"260","gap","R_2AGbTgxStxS8OK7","conj","m",0.8445
"261","gap","R_2ASEGOsJ8SHSVr5","conj","m",1.20325
"262","gap","R_2bHPDYy6X92e2YW","conj","m",0.855375
"263","gap","R_2Bu63NcF98ifXiE","conj","m",0.81575
"264","gap","R_2CTk31LB5KSXTUK","conj","m",0.40575
"265","gap","R_2cubeyiZDy5kcWK","conj","m",0.768
"266","gap","R_2D5fuTu0fyLlRoG","conj","m",0.723
"267","gap","R_2dH0HFAfxeETPyV","conj","m",0.904375
"268","gap","R_2diq2w8gEnf5L8z","conj","m",0.710875
"269","gap","R_2DRKnOvAi7cEOEe","conj","m",0.45025
"270","gap","R_2e2xTrAELL35qnU","conj","m",0.761
"271","gap","R_2EAwGG7T8u9elvy","conj","m",0.451571428571429
"272","gap","R_2EGbNncbkrLeOBn","conj","m",0.793833333333333
"273","gap","R_2fBULLTffGRBWLb","conj","m",1.093375
"274","gap","R_2fesTAMA2X5bx5T","conj","m",0.4355
"275","gap","R_2fvMbaH7XgyVyCF","conj","m",1.13328571428571
"276","gap","R_2PutYEFsewiz88m","conj","m",1.569875
"277","gap","R_2PzXxMCgeJjWWLk","conj","m",0.6825
"278","gap","R_2q9ip8BsXKWy3tB","conj","m",0.9688
"279","gap","R_2qCYwbcshBGMWl9","conj","m",0.75475
"280","gap","R_2RPRywAKJIJoXwq","conj","m",0.725125
"281","gap","R_2sSBN4IUEWRzEHE","conj","m",1.5128
"282","gap","R_2t3eKQMwJ13cTxu","conj","m",0.831875
"283","gap","R_2t5VMWadJZXwhol","conj","m",0.667125
"284","gap","R_2tKElLKJ2RzYeOL","conj","m",1.06466666666667
"285","gap","R_2TOewpP52D1ZcQi","conj","m",0.612625
"286","gap","R_2TvIpggb40wzcMj","conj","m",0.466571428571429
"287","gap","R_2Ugx54Yz1N7CJ36","conj","m",0.52275
"288","gap","R_2UWLzuZCkACVgCP","conj","m",0.828125
"289","gap","R_2uZFhWaBfnO4ECU","conj","m",1.52157142857143
"290","gap","R_2VBBNsozbzxpfT9","conj","m",0.558125
"291","gap","R_2Vx6MwTvzph2nt3","conj","m",0.594875
"292","gap","R_2w5NkTjpk5sIZmL","conj","m",0.806666666666667
"293","gap","R_2z5D2HPnn3XvNKK","conj","m",1.1842
"294","gap","R_2z5xbqVjjSIyJdo","conj","m",0.97275
"295","gap","R_2zAzUdW0VLW47Ua","conj","m",0.457571428571429
"296","gap","R_2zOyxhAfuZbfaqm","conj","m",1.53625
"297","gap","R_302H874OqnSbmug","conj","m",0.681333333333333
"298","gap","R_3061vbhI41l7m5V","conj","m",0.970285714285714
"299","gap","R_31zRT6XRWDLt6XR","conj","m",0.763714285714286
"300","gap","R_325E8Zcstn7PYYf","conj","m",0.9654
"301","gap","R_32X7zIltyrBl2XJ","conj","m",1.199
"302","gap","R_33gvmuPR94pwSQR","conj","m",1.297125
"303","gap","R_33wriurPRqAICJQ","conj","m",0.852125
"304","gap","R_3CH6GYzeXMmQ3BR","conj","m",0.731857142857143
"305","gap","R_3dYRf1LJJY5sNDQ","conj","m",0.467875
"306","gap","R_3dYYZ1eB57mzvcP","conj","m",0.518571428571429
"307","gap","R_3E9zqUUokucmyvi","conj","m",0.998125
"308","gap","R_3EXNIE6ibfayydJ","conj","m",0.597375
"309","gap","R_3F54OWKljGjDYun","conj","m",0.576571428571429
"310","gap","R_3fftJphDI5wp8jD","conj","m",1.06442857142857
"311","gap","R_3fIafKngtt8LCdv","conj","m",0.6245
"312","gap","R_3G3aqKAxalampJB","conj","m",0.555571428571429
"313","gap","R_3GfEE0tSJtpYpDK","conj","m",0.785625
"314","gap","R_3gMLdLQylpAUOCz","conj","m",0.814571428571429
"315","gap","R_3GrJEh3BPMqoUIE","conj","m",0.973333333333333
"316","gap","R_3gSdxynZBUsA24l","conj","m",1.002625
"317","gap","R_3GwicDp1Qe1fIYu","conj","m",0.780142857142857
"318","gap","R_3Hov1y7dOtcDZlE","conj","m",1.35328571428571
"319","gap","R_3Ht3R1VCyo41bf7","conj","m",0.619333333333333
"320","gap","R_3Hzu7sZLBROTBKI","conj","m",1.36142857142857
"321","gap","R_3Ic5XcXj3i1cbFL","conj","m",0.518
"322","gap","R_3iFr8MpMy69byrN","conj","m",1.331875
"323","gap","R_3j0uBCOqMwUzlCW","conj","m",1.354375
"324","gap","R_3j9ApP6uO0ORpcw","conj","m",0.762875
"325","gap","R_3jAe4d8aowHEK53","conj","m",1.87875
"326","gap","R_3JCQVowq4SWDWhO","conj","m",0.466625
"327","gap","R_3JCuHa99Y2UioVU","conj","m",0.853714285714286
"328","gap","R_3jSRUtmlwcSos3T","conj","m",0.464625
"329","gap","R_3jZIGhpufmzSmRG","conj","m",1.716
"330","gap","R_3kANJhWZWQZHHzt","conj","m",1.106
"331","gap","R_3kAQUBQH7gOE6L4","conj","m",0.84975
"332","gap","R_3koHaaGXSWbfZCH","conj","m",0.5895
"333","gap","R_3kq4Tx7qydJo7oB","conj","m",1.18225
"334","gap","R_3KxCDvIBCFGJlB2","conj","m",0.579375
"335","gap","R_3lQ7ThL8ft9I4Xd","conj","m",0.954625
"336","gap","R_3lQY2j5LMIXXK4u","conj","m",0.516833333333333
"337","gap","R_3lxHPjKjHR4VSZX","conj","m",1.122
"338","gap","R_3M5rXHlsQsfCfZ1","conj","m",1.026125
"339","gap","R_3NDueluChz5YLcK","conj","m",0.824571428571429
"340","gap","R_3nGjakNTDKLeUI5","conj","m",1.22514285714286
"341","gap","R_3nj6domOVc1jJjN","conj","m",1.10785714285714
"342","gap","R_3NJrbvniVjhQgVe","conj","m",1.583125
"343","gap","R_3NUHxGL0DDAFsRc","conj","m",1.54716666666667
"344","gap","R_3NV3o9ELxm8q0OB","conj","m",0.538625
"345","gap","R_3paGJTFEkF29ztH","conj","m",0.44625
"346","gap","R_3peQmhVVM6LZ8Rq","conj","m",0.989166666666667
"347","gap","R_3PzqcG3ePjyMVoQ","conj","m",0.975857142857143
"348","gap","R_3qU5FwC4OCJ7aqk","conj","m",0.5675
"349","gap","R_3Rl6FSFxxA5e8ma","conj","m",1.04428571428571
"350","gap","R_3Rl6VEWOBQmKqU6","conj","m",0.601375
"351","gap","R_3RmwoIz93sstbuX","conj","m",0.794125
"352","gap","R_3svpurCda9KfwHp","conj","m",0.842714285714286
"353","gap","R_3Vm6NBKASkpNULn","conj","m",1.50585714285714
"354","gap","R_4MlrIKWtWMynXgJ","conj","m",0.811571428571429
"355","gap","R_4V0pQt6VgkQw0lb","conj","m",0.925125
"356","gap","R_5zD75iREBKTihMt","conj","m",0.68025
"357","gap","R_6AkMGcTw5XpOoSd","conj","m",1.16375
"358","gap","R_87dG0u6RSBe8bpD","conj","m",0.48925
"359","gap","R_88lRNtWC8jzcvPr","conj","m",0.588875
"360","gap","R_9SIq53ZIw0UeCMp","conj","m",0.713333333333333
"361","gap","R_9ZV7VYa4WgGSoPT","conj","m",0.41425
"362","gap","R_AFYcy8WqCbGhYSB","conj","m",0.674625
"363","gap","R_b1xBevGuDlgE5mp","conj","m",0.593125
"364","gap","R_bxcuLDEvGbOnKHT","conj","m",1.45333333333333
"365","gap","R_ClZZ8iH4ih5ZuSd","conj","m",1.73342857142857
"366","gap","R_dfYxqvX4G98rUXL","conj","m",0.907
"367","gap","R_eKdyzfVrqfswb1n","conj","m",1.58875
"368","gap","R_esMmOCJbTcEsIq5","conj","m",0.801285714285714
"369","gap","R_O0SCTkaxAB7vjA5","conj","m",0.956285714285714
"370","gap","R_OBikbvVJp5ZcCOt","conj","m",0.632375
"371","gap","R_OjUO1JZhl881Wdr","conj","m",0.651333333333333
"372","gap","R_OkxFT8Yi5pR6dsB","conj","m",1.01266666666667
"373","gap","R_OPCfSDjGV5SHORr","conj","m",0.914375
"374","gap","R_pEoe2uY6YbOw3aF","conj","m",0.512833333333333
"375","gap","R_PIpINaW6xp0qDD3","conj","m",0.693714285714286
"376","gap","R_pK7U209871YpYIN","conj","m",1.499
"377","gap","R_pngU1YVfrXpM6m5","conj","m",0.437375
"378","gap","R_PSSk558zgwsdfq1","conj","m",1.355
"379","gap","R_pT8XhCOwudJrdq9","conj","m",0.741714285714286
"380","gap","R_Pwhzf2X9FTJWwcp","conj","m",0.461285714285714
"381","gap","R_qL4FaXWkk1AqEmt","conj","m",2.425
"382","gap","R_QoG98GIXlyTTQCB","conj","m",0.802571428571429
"383","gap","R_R838SwdXuvvg13j","conj","m",0.724125
"384","gap","R_rcHQpWAv7AbsluV","conj","m",0.6195
"385","gap","R_rkiqrtdH01X2Uz7","conj","m",0.831833333333333
"386","gap","R_rpa23bPTMqxRuy5","conj","m",1.40271428571429
"387","gap","R_RPRRh5b9RJjsLWF","conj","m",2.211
"388","gap","R_RxCmnVP4h0M2Iet","conj","m",0.9665
"389","gap","R_SUAv0Djpf96vXsB","conj","m",1.062
"390","gap","R_szedVFAI7mc8uqt","conj","m",0.644875
"391","gap","R_TjDuFk15r39Xrqh","conj","m",0.616714285714286
"392","gap","R_u220n4MBxTrGIqB","conj","m",0.9635
"393","gap","R_uk7jLfoyyvrie5P","conj","m",0.703571428571429
"394","gap","R_uk8lyne8BTwZWx3","conj","m",0.561875
"395","gap","R_vcRLjOIJganFB5L","conj","m",0.963375
"396","gap","R_vf2rDe2loSzFI4h","conj","m",1.27871428571429
"397","gap","R_vMGeXCE2A7fFihP","conj","m",1.1735
"398","gap","R_VO1OFG6TLIlFTbj","conj","m",1.522375
"399","gap","R_voSsFXEsEVlpeMx","conj","m",0.925142857142857
"400","gap","R_xaQjSryVetgbxMR","conj","m",1.269
"401","gap","R_xiuZL8oQedG2nrb","conj","m",0.856875
"402","gap","R_Y3NmOCLnLbfmdRT","conj","m",0.608142857142857
"403","gap","R_ykWwfg34VBujl0B","conj","m",0.774714285714286
"404","gap","R_yPWVvpu60ycQ8P7","conj","m",1.0598
"405","gap","R_z0je8cRGh1eQ8Rb","conj","m",1.035
"406","gap","R_Z9PxP0CExYG8397","conj","m",0.44725
"407","gap","R_ZahaFNCfOgy05xL","conj","m",1.06842857142857
"408","gap","R_ZaxZDyOScZVjzz3","conj","m",0.601833333333333
"409","gap","R_zZ3GrNWCcyKf98B","conj","m",0.92
"410","no_gap","R_08x3yfNtCFtgBYl","sing","m",1.800625
"411","no_gap","R_0OmSAzFURsT3hND","sing","m",1.03575
"412","no_gap","R_10ZPMCCzcV8FG6A","sing","m",1.2075
"413","no_gap","R_12s68Ligswec1t3","sing","m",0.627
"414","no_gap","R_1BPAkPhD282eIwa","sing","m",0.952125
"415","no_gap","R_1CDQa7qsN9RNzFH","sing","m",1.2925
"416","no_gap","R_1CJcSTbRoTUCqgI","sing","m",1.00942857142857
"417","no_gap","R_1cUmxE0nB0eQ5tx","sing","m",1.11175
"418","no_gap","R_1cUnP5PoHL3kGw8","sing","m",1.09642857142857
"419","no_gap","R_1cZYqPuI2ovCe8d","sing","m",1.40785714285714
"420","no_gap","R_1DuNzuDT2Ly6aYo","sing","m",0.903
"421","no_gap","R_1Ej3yOyXSRu4rHj","sing","m",0.60175
"422","no_gap","R_1eK9C4dUWMG5UoE","sing","m",0.4795
"423","no_gap","R_1erta2V92H4drrE","sing","m",1.991
"424","no_gap","R_1ex76BKICzdLpi3","sing","m",1.090375
"425","no_gap","R_1flJVVkbxzk1i5c","sing","m",0.74125
"426","no_gap","R_1g6KjG4gA3vEJF7","sing","m",0.889875
"427","no_gap","R_1gHKNsWNE1ugMUa","sing","m",1.426625
"428","no_gap","R_1HkLtKPGeWEXFwg","sing","m",0.937
"429","no_gap","R_1HpZbLVjg7CUvTk","sing","m",1.0874
"430","no_gap","R_1hzkst2wvP8JIH4","sing","m",0.613166666666667
"431","no_gap","R_1IfTVw1P9JXGPqL","sing","m",0.84975
"432","no_gap","R_1imoeufCHjjazMW","sing","m",0.770375
"433","no_gap","R_1IR8kofj9wFWdIF","sing","m",1.4135
"434","no_gap","R_1ISOn43feC1HgrC","sing","m",1.167875
"435","no_gap","R_1IXVr7a4rbLclDy","sing","m",1.14857142857143
"436","no_gap","R_1jCgwQdSLoXJHUV","sing","m",1.02325
"437","no_gap","R_1jDKVL7IiGl9Yg2","sing","m",1.29183333333333
"438","no_gap","R_1jE8xih7Lg9IirX","sing","m",0.539857142857143
"439","no_gap","R_1jH3pdKIvdSHNIY","sing","m",0.780125
"440","no_gap","R_1jrzi2l761541zF","sing","m",0.618
"441","no_gap","R_1K3eLYRF0WM0F1x","sing","m",1.75625
"442","no_gap","R_1K6KGucq5uhaFzv","sing","m",1.338
"443","no_gap","R_1K71a7Ou0dd9RDl","sing","m",1.1375
"444","no_gap","R_1KqDdYqdsxJyWIf","sing","m",0.84575
"445","no_gap","R_1LXmTvk5iLuGEaA","sing","m",0.709333333333333
"446","no_gap","R_1lzzukvJq3atYiQ","sing","m",0.525
"447","no_gap","R_1mC4cBupoC4tHV4","sing","m",0.865375
"448","no_gap","R_1mIULYprIrOv92G","sing","m",0.731625
"449","no_gap","R_1mmFOe3uknXraci","sing","m",1.18116666666667
"450","no_gap","R_1nOO1BGaTXG8VNZ","sing","m",0.803428571428571
"451","no_gap","R_1nOQ0qbgqQcSRz6","sing","m",0.81675
"452","no_gap","R_1OkOyQCupky29ws","sing","m",0.665125
"453","no_gap","R_1OVnUIQoDvuoLoa","sing","m",1.53785714285714
"454","no_gap","R_1PemspRhIIq93Jq","sing","m",1.5836
"455","no_gap","R_1pMrEEZMbPml0WU","sing","m",0.792875
"456","no_gap","R_1pukYYnbpsfMrZv","sing","m",0.646375
"457","no_gap","R_1PXVhaM73VwX7i7","sing","m",0.4545
"458","no_gap","R_1QDSGYxg9iGBQ1N","sing","m",1.15425
"459","no_gap","R_1qXpoOypYbjTRWl","sing","m",2.072
"460","no_gap","R_1rla5wg2eJeofgU","sing","m",0.669625
"461","no_gap","R_1rvojTzRtsDhwWZ","sing","m",0.531625
"462","no_gap","R_1XqCDwzg1i2Esxj","sing","m",1.16133333333333
"463","no_gap","R_20Mv4w5vYeNCTls","sing","m",0.88375
"464","no_gap","R_23TwjQv7jVMZAHh","sing","m",1.535
"465","no_gap","R_24HieJfWwUqqVSw","sing","m",1.096
"466","no_gap","R_24jTtLg98nGv99c","sing","m",0.536875
"467","no_gap","R_27EkFokF3zDCAFg","sing","m",0.76125
"468","no_gap","R_27HkygMlXuzFDss","sing","m",1.1285
"469","no_gap","R_28B8ByTcmPbYYBi","sing","m",0.7835
"470","no_gap","R_290a4seCfd02VPe","sing","m",0.834125
"471","no_gap","R_29buJYsXisup2Mb","sing","m",1.8448
"472","no_gap","R_2aDYCLDeHnDcoTK","sing","m",0.723285714285714
"473","no_gap","R_2AZHWSSUZ7gAeVu","sing","m",1.9836
"474","no_gap","R_2BnRYuqRU9MgxDH","sing","m",0.959375
"475","no_gap","R_2BtIrCsNLg3M5Hv","sing","m",1.18675
"476","no_gap","R_2c6m9mRMP3vRtxF","sing","m",0.950375
"477","no_gap","R_2cc7FPRMpuGx2CV","sing","m",0.644875
"478","no_gap","R_2CDt4ymTrZ6kFn0","sing","m",2.140625
"479","no_gap","R_2cnGgIRvbYUU2JM","sing","m",1.104375
"480","no_gap","R_2cvhE0HTQ1JO49j","sing","m",1.26414285714286
"481","no_gap","R_2dYKuSke1t2VOfa","sing","m",0.727375
"482","no_gap","R_2f6VCNeHmcSqTrE","sing","m",0.510285714285714
"483","no_gap","R_2fD1bJjW95gw3LB","sing","m",0.82975
"484","no_gap","R_2P1NXSwrNBPPbSy","sing","m",1.25128571428571
"485","no_gap","R_2P5OftLBu8Xnm63","sing","m",0.7975
"486","no_gap","R_2pJiC30bA23mBP9","sing","m",0.96975
"487","no_gap","R_2QggTeu9uNjR2Kz","sing","m",1.473375
"488","no_gap","R_2Qn8nKQlmurWj6x","sing","m",1.7465
"489","no_gap","R_2qxGC4cTbe7xhyS","sing","m",0.606375
"490","no_gap","R_2R81qJfBkmFANkJ","sing","m",1.35675
"491","no_gap","R_2rVd3Udq0Naa4tm","sing","m",0.73725
"492","no_gap","R_2s5BrOZwyfMmXNT","sing","m",0.972285714285714
"493","no_gap","R_2saKX0rCpQMSpWC","sing","m",0.68425
"494","no_gap","R_2sZwXaQWcDrXX4J","sing","m",0.577875
"495","no_gap","R_2t2RITW5Msrt0v1","sing","m",1.098
"496","no_gap","R_2t8PKxoTop4myWX","sing","m",1.16885714285714
"497","no_gap","R_2TvjCe31vsmiZgF","sing","m",0.728142857142857
"498","no_gap","R_2tzNr5GcFWibgNj","sing","m",1.19328571428571
"499","no_gap","R_2uaROXK2JM6R5KN","sing","m",0.7135
"500","no_gap","R_2uEyL6gg252E1VJ","sing","m",0.795857142857143
"501","no_gap","R_2uPd3IAgL1aElYJ","sing","m",0.728
"502","no_gap","R_2UYj6qVJqb6JhXS","sing","m",0.951857142857143
"503","no_gap","R_2v1EkCyV15Ok7D5","sing","m",0.658375
"504","no_gap","R_2v6M4LykwnHQpey","sing","m",0.68625
"505","no_gap","R_2wgkGKCmXhgbs6f","sing","m",0.854875
"506","no_gap","R_2whKJfx0Nt043dd","sing","m",0.50075
"507","no_gap","R_2xIZjV9sIl4RF6P","sing","m",1.30375
"508","no_gap","R_2xxfsrIN77B2IyP","sing","m",1.947875
"509","no_gap","R_2Y5SgzE2hzm4IzP","sing","m",1.14633333333333
"510","no_gap","R_2zMG3pjpYVG6q9D","sing","m",1.68542857142857
"511","no_gap","R_2zZOxm6mvhN3djv","sing","m",0.545
"512","no_gap","R_31HQAyCP0raT1FV","sing","m",0.55125
"513","no_gap","R_32Ph5gf2egyE3BQ","sing","m",1.068125
"514","no_gap","R_32SfLOnCsAkGpkr","sing","m",1.10714285714286
"515","no_gap","R_389Zio7QxIjX2Gl","sing","m",1.542
"516","no_gap","R_3CE2psUILAye8Gw","sing","m",1.52585714285714
"517","no_gap","R_3CQ5KT4CZBYWAlC","sing","m",0.768125
"518","no_gap","R_3dG1KAXAFwYYSNa","sing","m",1.14542857142857
"519","no_gap","R_3dYB6FtZaYKmnQI","sing","m",0.6475
"520","no_gap","R_3ekQwKF3mgu5b6t","sing","m",0.543625
"521","no_gap","R_3emJvrH8C0R8XAf","sing","m",0.770166666666667
"522","no_gap","R_3EnIpSKfpoFxj4q","sing","m",1.5236
"523","no_gap","R_3F4Nuu63mcg282m","sing","m",1.26166666666667
"524","no_gap","R_3fekyhJ51vsHhVz","sing","m",0.6515
"525","no_gap","R_3huTrvGn33dOCmD","sing","m",1.07757142857143
"526","no_gap","R_3hxsgJPCQz6ODRf","sing","m",1.38025
"527","no_gap","R_3I6Ku341O3voRKF","sing","m",1.71014285714286
"528","no_gap","R_3IawjgtbqJ8vZS1","sing","m",0.870625
"529","no_gap","R_3IbLExNViiL7Wmj","sing","m",1.4972
"530","no_gap","R_3isy7djZDjX51Zy","sing","m",1.018625
"531","no_gap","R_3iUBe2A2sqTNxe6","sing","m",0.438125
"532","no_gap","R_3J5dZzQpHZlbptE","sing","m",0.8136
"533","no_gap","R_3J7WamqLp1arSYg","sing","m",0.856
"534","no_gap","R_3J8imcd2CT8E7nV","sing","m",0.9155
"535","no_gap","R_3JepjzwRIn4QNMa","sing","m",1.87566666666667
"536","no_gap","R_3JKuKZTaXlZlS9L","sing","m",0.9464
"537","no_gap","R_3L0GKcwhfD3ONGp","sing","m",1.006875
"538","no_gap","R_3L8bKSLPWWYQbb1","sing","m",0.925
"539","no_gap","R_3lA2P9y5IuW1K16","sing","m",0.551125
"540","no_gap","R_3lQSewC3zD0cqPm","sing","m",0.486714285714286
"541","no_gap","R_3lW8WmUtn8ktnqb","sing","m",1.952375
"542","no_gap","R_3LYmXrQqAEkquZp","sing","m",1.26857142857143
"543","no_gap","R_3m29EB99jBC3eYM","sing","m",0.677
"544","no_gap","R_3mfrYYubAvKcVXD","sing","m",0.663
"545","no_gap","R_3MrsBALpPMDdc4K","sing","m",1.2165
"546","no_gap","R_3MsZ1FtrecdI6Bk","sing","m",0.91125
"547","no_gap","R_3ni4oB2dXSyqVt5","sing","m",0.7085
"548","no_gap","R_3NLrAGnHeCcusnN","sing","m",1.130375
"549","no_gap","R_3nTN2on5k76PSqy","sing","m",0.892875
"550","no_gap","R_3nuRnyn8F7V1zzY","sing","m",1.388
"551","no_gap","R_3nvCR77A2gIXUnU","sing","m",0.852285714285714
"552","no_gap","R_3OijgTkqK3N1vDR","sing","m",1.36042857142857
"553","no_gap","R_3PH8KwGY7M572k7","sing","m",1.120625
"554","no_gap","R_3PhNSDcozSxV4x6","sing","m",0.456375
"555","no_gap","R_3PHnuh1NwQxBUke","sing","m",1.00975
"556","no_gap","R_3plRloA3DMCWRlm","sing","m",0.717428571428571
"557","no_gap","R_3PoF0xbH4zPk6H9","sing","m",0.9605
"558","no_gap","R_3PUkBY8ioPt2QHk","sing","m",0.965
"559","no_gap","R_3qE9UFs34ohzB4u","sing","m",0.913875
"560","no_gap","R_3qIGvV1gBPeGAF3","sing","m",1.061
"561","no_gap","R_3qqgOHNsjhwxEbU","sing","m",0.962125
"562","no_gap","R_3r1hJN0OmOW9eWt","sing","m",0.942142857142857
"563","no_gap","R_3r2uzs1xxGdN7Xt","sing","m",1.3848
"564","no_gap","R_3R2V7o3AKvD3riN","sing","m",0.977625
"565","no_gap","R_3sgjFLFAcfatVu1","sing","m",0.864
"566","no_gap","R_3snnTFxEmMWchE3","sing","m",1.3665
"567","no_gap","R_4HGqzV1TmoKnmRb","sing","m",1.887
"568","no_gap","R_4UcujUnUkeMAjcd","sing","m",1.289
"569","no_gap","R_5AccJZEMv9dA7ZL","sing","m",2.08971428571429
"570","no_gap","R_5Bl0sD2ma6kOenD","sing","m",1.70671428571429
"571","no_gap","R_6QoG7SGfNSA5MY1","sing","m",1.302125
"572","no_gap","R_78aLaJZ9ov7E4z7","sing","m",1.10942857142857
"573","no_gap","R_7QYLh7Cv4ho9ne9","sing","m",0.84125
"574","no_gap","R_8039DfpRFz4mdlD","sing","m",1.17985714285714
"575","no_gap","R_81zsKze4hKiO3Ch","sing","m",0.81775
"576","no_gap","R_821ywZ3Ur7opgmR","sing","m",1.492
"577","no_gap","R_8qYu2CCKRBiPBjb","sing","m",0.928
"578","no_gap","R_AhqftoXBoaz9xId","sing","m",1.41525
"579","no_gap","R_aXyHoAyLu9CDc4N","sing","m",1.30925
"580","no_gap","R_BEpHnJisiwxS1z3","sing","m",1.55471428571429
"581","no_gap","R_bj5pW4Iu3tLbUnT","sing","m",2.1855
"582","no_gap","R_bJ8LN8hW9Wr5SFj","sing","m",0.594
"583","no_gap","R_BV2jiQRnLfyGBYl","sing","m",0.841
"584","no_gap","R_Cjijzqk1J6xkLdf","sing","m",0.57325
"585","no_gap","R_d6C5372Rri91D57","sing","m",1.327
"586","no_gap","R_DcbIYJJOl9NfnSV","sing","m",0.888857142857143
"587","no_gap","R_dh9Z16ZeR9OmSJj","sing","m",0.81275
"588","no_gap","R_dm7E2sdo1YUjT3z","sing","m",0.363375
"589","no_gap","R_dmY5Tc0WANqnPs5","sing","m",1.476375
"590","no_gap","R_eai96tm4PUo2JmF","sing","m",0.754
"591","no_gap","R_eJrfTYcTp9qL7ix","sing","m",0.852125
"592","no_gap","R_eyNfgTiSRXT8Xi9","sing","m",0.885428571428571
"593","no_gap","R_O0WT1fmWD73IgCZ","sing","m",1.02575
"594","no_gap","R_Ope2sXA3sL6z35T","sing","m",0.602625
"595","no_gap","R_PA36VyjszG9W9gt","sing","m",0.982166666666667
"596","no_gap","R_pufazghR2YH4Vqx","sing","m",1.29525
"597","no_gap","R_PYUFtJ6v69P19WF","sing","m",0.851625
"598","no_gap","R_Q3QAyLhzVGkm1hL","sing","m",1.01216666666667
"599","no_gap","R_r25ZrJt80L0xZ5v","sing","m",0.88425
"600","no_gap","R_sZRf0Q5e9LGW9gJ","sing","m",2.286
"601","no_gap","R_tLqTSkDsUZvWP4t","sing","m",0.69325
"602","no_gap","R_tQjTkAdN6h1rHHP","sing","m",0.951875
"603","no_gap","R_UA47gf9TzaRpJ0B","sing","m",1.358875
"604","no_gap","R_UnfbYQPONiXwHgB","sing","m",0.85725
"605","no_gap","R_vcofmMoT48YgqGd","sing","m",1.27575
"606","no_gap","R_vdAXj8lKTQiuvLj","sing","m",2.1666
"607","no_gap","R_vl7yAhjMq73ut4l","sing","m",0.976571428571429
"608","no_gap","R_VPabY1AJYIyCZPz","sing","m",1.114625
"609","no_gap","R_W8LdRMuNzFlfzfX","sing","m",0.570375
"610","no_gap","R_WfBh84bVieh94u5","sing","m",1.6046
"611","no_gap","R_xfUcAaPbjk0g6Jz","sing","m",0.7675
"612","no_gap","R_Y050be3d1qTgt21","sing","m",0.94975
"613","no_gap","R_ykzlIRPd0KX2ZW1","sing","m",0.843625
"614","no_gap","R_ypQ4ZCs1p2l24eJ","sing","m",0.914875
"615","no_gap","R_yPWGGeD3XC6CB0t","sing","m",0.817571428571429
"616","gap","R_1240oKwSUYFSJUY","sing","m",0.523375
"617","gap","R_125qGAPsEKNgCik","sing","m",0.91025
"618","gap","R_1BYsxPc3DVzRRdc","sing","m",1.19666666666667
"619","gap","R_1C4075atnBURXV9","sing","m",0.623125
"620","gap","R_1Ca7oDDfGUuqpD2","sing","m",0.753714285714286
"621","gap","R_1DUQTsUdLXCAotg","sing","m",0.704875
"622","gap","R_1Ed18J86Ydnz5JK","sing","m",1.216
"623","gap","R_1F3O1RwVVn1ANjS","sing","m",0.634857142857143
"624","gap","R_1fd9g37kVcLlQon","sing","m",0.715857142857143
"625","gap","R_1fjeMABd9YtFdM2","sing","m",0.877571428571429
"626","gap","R_1FkyCxrQzCKlVM3","sing","m",0.915857142857143
"627","gap","R_1FlZaoI26lrL1xW","sing","m",0.571625
"628","gap","R_1FQy7LAFBlt3sbw","sing","m",1.182875
"629","gap","R_1FzvTdctlBl6mau","sing","m",1.335
"630","gap","R_1GEw2ntVr6WT5FY","sing","m",0.614
"631","gap","R_1gGFiI9dwPgNWnF","sing","m",0.754375
"632","gap","R_1gTnf5neAjKhFhT","sing","m",0.884
"633","gap","R_1H5WiYRCLXLoMr6","sing","m",0.835375
"634","gap","R_1hKL5I25Q84xW4U","sing","m",2.307
"635","gap","R_1hXp8VCud7SMiKb","sing","m",0.88475
"636","gap","R_1IagvrDfWeu1SzI","sing","m",0.771714285714286
"637","gap","R_1iffR2ZzRyikKgD","sing","m",0.563625
"638","gap","R_1jrMskfuP7Mrr9S","sing","m",0.575714285714286
"639","gap","R_1K2LTDdSTkk0CkO","sing","m",0.724125
"640","gap","R_1KkDDjZQonL8jXf","sing","m",1.5525
"641","gap","R_1lo8TnSLVLCPrMI","sing","m",1.085
"642","gap","R_1Nex25Z07JEPqPT","sing","m",0.87625
"643","gap","R_1oAMtAsotlpba75","sing","m",0.581875
"644","gap","R_1oBEFfxegvaFxqs","sing","m",0.7825
"645","gap","R_1OE6gsnJdCYDJNp","sing","m",1.0658
"646","gap","R_1OJJIMbAOHmEsc6","sing","m",0.586714285714286
"647","gap","R_1onlnd0PSlmh0kP","sing","m",1.25775
"648","gap","R_1Oy5gti2oOMkrmx","sing","m",0.920125
"649","gap","R_1pJPjmN0ZA5yTy2","sing","m",1.283
"650","gap","R_1ptx896QKfU4151","sing","m",0.855142857142857
"651","gap","R_1Q0nnQSbpfMIzl8","sing","m",1.66083333333333
"652","gap","R_1QcQ8lM8sMgbe9Z","sing","m",0.632375
"653","gap","R_1QhHQgn3oncjPVH","sing","m",0.569625
"654","gap","R_1r9CI6AFSBMawII","sing","m",1.02557142857143
"655","gap","R_2107Kbqwjw5sjVi","sing","m",0.551125
"656","gap","R_21A0Opwy47DGP0D","sing","m",0.737625
"657","gap","R_21ixygMv7kGQldy","sing","m",0.722428571428571
"658","gap","R_232mnWKrVorZxtV","sing","m",1.514625
"659","gap","R_23UGi46yIwlgRIg","sing","m",0.6225
"660","gap","R_23V6KyyFTKNSfr0","sing","m",0.837857142857143
"661","gap","R_24f2Xj2zVejGVvr","sing","m",0.68925
"662","gap","R_24MjDzYaj8vSl2F","sing","m",1.02714285714286
"663","gap","R_26aTxals5ya98Bn","sing","m",0.730857142857143
"664","gap","R_27I2lMBC4C9HqXh","sing","m",0.780375
"665","gap","R_27IKiFTRUeouja1","sing","m",1.548
"666","gap","R_27TjhkHUtsmEKXv","sing","m",1.12171428571429
"667","gap","R_29buiFpEHzEyviM","sing","m",0.44075
"668","gap","R_2AGbTgxStxS8OK7","sing","m",0.844125
"669","gap","R_2ASEGOsJ8SHSVr5","sing","m",0.842625
"670","gap","R_2bHPDYy6X92e2YW","sing","m",0.643571428571429
"671","gap","R_2Bu63NcF98ifXiE","sing","m",0.611625
"672","gap","R_2CTk31LB5KSXTUK","sing","m",0.697
"673","gap","R_2cubeyiZDy5kcWK","sing","m",0.9094
"674","gap","R_2D5fuTu0fyLlRoG","sing","m",0.604875
"675","gap","R_2dH0HFAfxeETPyV","sing","m",0.7225
"676","gap","R_2diq2w8gEnf5L8z","sing","m",0.584857142857143
"677","gap","R_2DRKnOvAi7cEOEe","sing","m",0.420625
"678","gap","R_2e2xTrAELL35qnU","sing","m",1.13557142857143
"679","gap","R_2EAwGG7T8u9elvy","sing","m",0.47325
"680","gap","R_2EGbNncbkrLeOBn","sing","m",1.3195
"681","gap","R_2fBULLTffGRBWLb","sing","m",1.02585714285714
"682","gap","R_2fesTAMA2X5bx5T","sing","m",0.4905
"683","gap","R_2fvMbaH7XgyVyCF","sing","m",1.340625
"684","gap","R_2PutYEFsewiz88m","sing","m",1.22271428571429
"685","gap","R_2PzXxMCgeJjWWLk","sing","m",0.918142857142857
"686","gap","R_2q9ip8BsXKWy3tB","sing","m",1.17266666666667
"687","gap","R_2qCYwbcshBGMWl9","sing","m",0.560571428571429
"688","gap","R_2RPRywAKJIJoXwq","sing","m",0.765571428571429
"689","gap","R_2sSBN4IUEWRzEHE","sing","m",1.37766666666667
"690","gap","R_2t3eKQMwJ13cTxu","sing","m",0.921714285714286
"691","gap","R_2t5VMWadJZXwhol","sing","m",0.639
"692","gap","R_2tKElLKJ2RzYeOL","sing","m",1.020625
"693","gap","R_2TOewpP52D1ZcQi","sing","m",0.564
"694","gap","R_2TvIpggb40wzcMj","sing","m",0.584625
"695","gap","R_2Ugx54Yz1N7CJ36","sing","m",0.585857142857143
"696","gap","R_2UWLzuZCkACVgCP","sing","m",0.96475
"697","gap","R_2uZFhWaBfnO4ECU","sing","m",1.17128571428571
"698","gap","R_2VBBNsozbzxpfT9","sing","m",0.649
"699","gap","R_2Vx6MwTvzph2nt3","sing","m",0.772166666666667
"700","gap","R_2w5NkTjpk5sIZmL","sing","m",0.572625
"701","gap","R_2z5D2HPnn3XvNKK","sing","m",0.812666666666667
"702","gap","R_2z5xbqVjjSIyJdo","sing","m",1.504625
"703","gap","R_2zAzUdW0VLW47Ua","sing","m",0.488142857142857
"704","gap","R_2zOyxhAfuZbfaqm","sing","m",1.67316666666667
"705","gap","R_302H874OqnSbmug","sing","m",0.61325
"706","gap","R_3061vbhI41l7m5V","sing","m",0.768
"707","gap","R_31zRT6XRWDLt6XR","sing","m",0.994625
"708","gap","R_325E8Zcstn7PYYf","sing","m",0.793625
"709","gap","R_32X7zIltyrBl2XJ","sing","m",0.893
"710","gap","R_33gvmuPR94pwSQR","sing","m",0.986285714285714
"711","gap","R_33wriurPRqAICJQ","sing","m",0.89075
"712","gap","R_3CH6GYzeXMmQ3BR","sing","m",0.83975
"713","gap","R_3dYRf1LJJY5sNDQ","sing","m",0.6342
"714","gap","R_3dYYZ1eB57mzvcP","sing","m",0.649375
"715","gap","R_3E9zqUUokucmyvi","sing","m",1.2885
"716","gap","R_3EXNIE6ibfayydJ","sing","m",0.448
"717","gap","R_3F54OWKljGjDYun","sing","m",0.564
"718","gap","R_3fftJphDI5wp8jD","sing","m",0.828125
"719","gap","R_3fIafKngtt8LCdv","sing","m",0.740375
"720","gap","R_3G3aqKAxalampJB","sing","m",0.499375
"721","gap","R_3GfEE0tSJtpYpDK","sing","m",0.922142857142857
"722","gap","R_3gMLdLQylpAUOCz","sing","m",0.646
"723","gap","R_3GrJEh3BPMqoUIE","sing","m",0.745666666666667
"724","gap","R_3gSdxynZBUsA24l","sing","m",0.8775
"725","gap","R_3GwicDp1Qe1fIYu","sing","m",0.77825
"726","gap","R_3Hov1y7dOtcDZlE","sing","m",0.8956
"727","gap","R_3Ht3R1VCyo41bf7","sing","m",0.6835
"728","gap","R_3Hzu7sZLBROTBKI","sing","m",0.962125
"729","gap","R_3Ic5XcXj3i1cbFL","sing","m",0.571428571428571
"730","gap","R_3iFr8MpMy69byrN","sing","m",1.192125
"731","gap","R_3j0uBCOqMwUzlCW","sing","m",1.11814285714286
"732","gap","R_3j9ApP6uO0ORpcw","sing","m",0.6735
"733","gap","R_3jAe4d8aowHEK53","sing","m",1.193125
"734","gap","R_3JCQVowq4SWDWhO","sing","m",0.610571428571429
"735","gap","R_3JCuHa99Y2UioVU","sing","m",1.50375
"736","gap","R_3jSRUtmlwcSos3T","sing","m",0.425375
"737","gap","R_3jZIGhpufmzSmRG","sing","m",1.85928571428571
"738","gap","R_3kANJhWZWQZHHzt","sing","m",1.46842857142857
"739","gap","R_3kAQUBQH7gOE6L4","sing","m",0.834833333333333
"740","gap","R_3koHaaGXSWbfZCH","sing","m",0.720125
"741","gap","R_3kq4Tx7qydJo7oB","sing","m",1.45928571428571
"742","gap","R_3KxCDvIBCFGJlB2","sing","m",0.877714285714286
"743","gap","R_3lQ7ThL8ft9I4Xd","sing","m",0.4815
"744","gap","R_3lQY2j5LMIXXK4u","sing","m",0.807625
"745","gap","R_3lxHPjKjHR4VSZX","sing","m",0.91725
"746","gap","R_3M5rXHlsQsfCfZ1","sing","m",0.685625
"747","gap","R_3NDueluChz5YLcK","sing","m",1.30028571428571
"748","gap","R_3nGjakNTDKLeUI5","sing","m",1.12525
"749","gap","R_3nj6domOVc1jJjN","sing","m",1.32425
"750","gap","R_3NJrbvniVjhQgVe","sing","m",1.2104
"751","gap","R_3NUHxGL0DDAFsRc","sing","m",1.07071428571429
"752","gap","R_3NV3o9ELxm8q0OB","sing","m",0.626375
"753","gap","R_3paGJTFEkF29ztH","sing","m",0.530166666666667
"754","gap","R_3peQmhVVM6LZ8Rq","sing","m",0.7495
"755","gap","R_3PzqcG3ePjyMVoQ","sing","m",0.670375
"756","gap","R_3qU5FwC4OCJ7aqk","sing","m",0.647875
"757","gap","R_3Rl6FSFxxA5e8ma","sing","m",0.729625
"758","gap","R_3Rl6VEWOBQmKqU6","sing","m",0.8285
"759","gap","R_3RmwoIz93sstbuX","sing","m",1.0725
"760","gap","R_3svpurCda9KfwHp","sing","m",0.589375
"761","gap","R_3Vm6NBKASkpNULn","sing","m",1.13925
"762","gap","R_4MlrIKWtWMynXgJ","sing","m",0.804571428571429
"763","gap","R_4V0pQt6VgkQw0lb","sing","m",0.886833333333333
"764","gap","R_5zD75iREBKTihMt","sing","m",0.905
"765","gap","R_6AkMGcTw5XpOoSd","sing","m",1.126625
"766","gap","R_87dG0u6RSBe8bpD","sing","m",0.46275
"767","gap","R_88lRNtWC8jzcvPr","sing","m",0.720714285714286
"768","gap","R_9SIq53ZIw0UeCMp","sing","m",0.729714285714286
"769","gap","R_9ZV7VYa4WgGSoPT","sing","m",0.457625
"770","gap","R_a8Keqoc6RqZXPj3","sing","m",0.32
"771","gap","R_AFYcy8WqCbGhYSB","sing","m",0.851125
"772","gap","R_b1xBevGuDlgE5mp","sing","m",0.672625
"773","gap","R_bxcuLDEvGbOnKHT","sing","m",0.9714
"774","gap","R_ClZZ8iH4ih5ZuSd","sing","m",1.854
"775","gap","R_dfYxqvX4G98rUXL","sing","m",0.555428571428571
"776","gap","R_eKdyzfVrqfswb1n","sing","m",1.308
"777","gap","R_esMmOCJbTcEsIq5","sing","m",0.704625
"778","gap","R_O0SCTkaxAB7vjA5","sing","m",1.0606
"779","gap","R_OBikbvVJp5ZcCOt","sing","m",0.991666666666667
"780","gap","R_OjUO1JZhl881Wdr","sing","m",0.471375
"781","gap","R_OkxFT8Yi5pR6dsB","sing","m",0.721571428571429
"782","gap","R_OPCfSDjGV5SHORr","sing","m",0.5115
"783","gap","R_pEoe2uY6YbOw3aF","sing","m",0.414857142857143
"784","gap","R_PIpINaW6xp0qDD3","sing","m",0.600875
"785","gap","R_pK7U209871YpYIN","sing","m",1.83728571428571
"786","gap","R_pngU1YVfrXpM6m5","sing","m",0.613125
"787","gap","R_PSSk558zgwsdfq1","sing","m",0.874
"788","gap","R_pT8XhCOwudJrdq9","sing","m",0.59625
"789","gap","R_Pwhzf2X9FTJWwcp","sing","m",0.677
"790","gap","R_qL4FaXWkk1AqEmt","sing","m",1.36133333333333
"791","gap","R_QoG98GIXlyTTQCB","sing","m",0.634833333333333
"792","gap","R_R838SwdXuvvg13j","sing","m",0.64225
"793","gap","R_rcHQpWAv7AbsluV","sing","m",0.768875
"794","gap","R_rkiqrtdH01X2Uz7","sing","m",0.822625
"795","gap","R_rpa23bPTMqxRuy5","sing","m",1.33066666666667
"796","gap","R_RPRRh5b9RJjsLWF","sing","m",2.36866666666667
"797","gap","R_RxCmnVP4h0M2Iet","sing","m",0.941857142857143
"798","gap","R_SUAv0Djpf96vXsB","sing","m",0.991142857142857
"799","gap","R_szedVFAI7mc8uqt","sing","m",0.580125
"800","gap","R_TjDuFk15r39Xrqh","sing","m",0.555375
"801","gap","R_u220n4MBxTrGIqB","sing","m",0.772
"802","gap","R_uk7jLfoyyvrie5P","sing","m",0.76425
"803","gap","R_uk8lyne8BTwZWx3","sing","m",0.56525
"804","gap","R_vcRLjOIJganFB5L","sing","m",0.6795
"805","gap","R_vf2rDe2loSzFI4h","sing","m",1.81785714285714
"806","gap","R_vMGeXCE2A7fFihP","sing","m",1.0998
"807","gap","R_VO1OFG6TLIlFTbj","sing","m",0.978375
"808","gap","R_voSsFXEsEVlpeMx","sing","m",1.2275
"809","gap","R_xaQjSryVetgbxMR","sing","m",1.37457142857143
"810","gap","R_xiuZL8oQedG2nrb","sing","m",0.56525
"811","gap","R_Y3NmOCLnLbfmdRT","sing","m",0.689571428571429
"812","gap","R_ykWwfg34VBujl0B","sing","m",0.854625
"813","gap","R_yPWVvpu60ycQ8P7","sing","m",0.720571428571429
"814","gap","R_z0je8cRGh1eQ8Rb","sing","m",0.490571428571429
"815","gap","R_Z9PxP0CExYG8397","sing","m",0.498
"816","gap","R_ZahaFNCfOgy05xL","sing","m",1.148875
"817","gap","R_ZaxZDyOScZVjzz3","sing","m",1.10842857142857
"818","gap","R_zZ3GrNWCcyKf98B","sing","m",0.90525
"819","no_gap","R_08x3yfNtCFtgBYl","conj","mm",1.8732
"820","no_gap","R_0OmSAzFURsT3hND","conj","mm",0.736714285714286
"821","no_gap","R_10ZPMCCzcV8FG6A","conj","mm",0.793125
"822","no_gap","R_12s68Ligswec1t3","conj","mm",0.542125
"823","no_gap","R_1BPAkPhD282eIwa","conj","mm",0.831625
"824","no_gap","R_1CDQa7qsN9RNzFH","conj","mm",1.122625
"825","no_gap","R_1CJcSTbRoTUCqgI","conj","mm",1.115625
"826","no_gap","R_1cUmxE0nB0eQ5tx","conj","mm",1.201875
"827","no_gap","R_1cUnP5PoHL3kGw8","conj","mm",1.08475
"828","no_gap","R_1cZYqPuI2ovCe8d","conj","mm",0.653875
"829","no_gap","R_1DuNzuDT2Ly6aYo","conj","mm",0.98525
"830","no_gap","R_1Ej3yOyXSRu4rHj","conj","mm",0.497142857142857
"831","no_gap","R_1eK9C4dUWMG5UoE","conj","mm",0.54025
"832","no_gap","R_1erta2V92H4drrE","conj","mm",1.312
"833","no_gap","R_1ex76BKICzdLpi3","conj","mm",0.912875
"834","no_gap","R_1flJVVkbxzk1i5c","conj","mm",0.529
"835","no_gap","R_1g6KjG4gA3vEJF7","conj","mm",1.25771428571429
"836","no_gap","R_1gHKNsWNE1ugMUa","conj","mm",1.154625
"837","no_gap","R_1HkLtKPGeWEXFwg","conj","mm",0.751125
"838","no_gap","R_1HpZbLVjg7CUvTk","conj","mm",0.94175
"839","no_gap","R_1hzkst2wvP8JIH4","conj","mm",0.748875
"840","no_gap","R_1IfTVw1P9JXGPqL","conj","mm",1.163125
"841","no_gap","R_1imoeufCHjjazMW","conj","mm",0.7525
"842","no_gap","R_1IR8kofj9wFWdIF","conj","mm",1.37675
"843","no_gap","R_1ISOn43feC1HgrC","conj","mm",0.958
"844","no_gap","R_1IXVr7a4rbLclDy","conj","mm",1.10266666666667
"845","no_gap","R_1jCgwQdSLoXJHUV","conj","mm",1.454
"846","no_gap","R_1jDKVL7IiGl9Yg2","conj","mm",1.43525
"847","no_gap","R_1jE8xih7Lg9IirX","conj","mm",0.5245
"848","no_gap","R_1jH3pdKIvdSHNIY","conj","mm",0.7345
"849","no_gap","R_1jrzi2l761541zF","conj","mm",0.641375
"850","no_gap","R_1K3eLYRF0WM0F1x","conj","mm",1.35325
"851","no_gap","R_1K6KGucq5uhaFzv","conj","mm",1.922125
"852","no_gap","R_1K71a7Ou0dd9RDl","conj","mm",0.95925
"853","no_gap","R_1KqDdYqdsxJyWIf","conj","mm",0.628125
"854","no_gap","R_1LXmTvk5iLuGEaA","conj","mm",0.65225
"855","no_gap","R_1lzzukvJq3atYiQ","conj","mm",0.603875
"856","no_gap","R_1mC4cBupoC4tHV4","conj","mm",0.693125
"857","no_gap","R_1mIULYprIrOv92G","conj","mm",0.610625
"858","no_gap","R_1mmFOe3uknXraci","conj","mm",1.11225
"859","no_gap","R_1nOO1BGaTXG8VNZ","conj","mm",1.35425
"860","no_gap","R_1nOQ0qbgqQcSRz6","conj","mm",0.89575
"861","no_gap","R_1OkOyQCupky29ws","conj","mm",0.924166666666667
"862","no_gap","R_1OVnUIQoDvuoLoa","conj","mm",1.080375
"863","no_gap","R_1PemspRhIIq93Jq","conj","mm",1.68742857142857
"864","no_gap","R_1pMrEEZMbPml0WU","conj","mm",0.718
"865","no_gap","R_1pukYYnbpsfMrZv","conj","mm",0.710285714285714
"866","no_gap","R_1PXVhaM73VwX7i7","conj","mm",0.463875
"867","no_gap","R_1QDSGYxg9iGBQ1N","conj","mm",1.06671428571429
"868","no_gap","R_1qXpoOypYbjTRWl","conj","mm",2.07514285714286
"869","no_gap","R_1rla5wg2eJeofgU","conj","mm",0.72425
"870","no_gap","R_1rvojTzRtsDhwWZ","conj","mm",0.456125
"871","no_gap","R_1XqCDwzg1i2Esxj","conj","mm",0.984875
"872","no_gap","R_20Mv4w5vYeNCTls","conj","mm",0.757142857142857
"873","no_gap","R_23TwjQv7jVMZAHh","conj","mm",1.464875
"874","no_gap","R_24HieJfWwUqqVSw","conj","mm",1.34842857142857
"875","no_gap","R_24jTtLg98nGv99c","conj","mm",0.661875
"876","no_gap","R_27EkFokF3zDCAFg","conj","mm",0.692125
"877","no_gap","R_27HkygMlXuzFDss","conj","mm",1.092875
"878","no_gap","R_28B8ByTcmPbYYBi","conj","mm",0.946
"879","no_gap","R_290a4seCfd02VPe","conj","mm",0.742
"880","no_gap","R_29buJYsXisup2Mb","conj","mm",2.0454
"881","no_gap","R_2aDYCLDeHnDcoTK","conj","mm",0.61625
"882","no_gap","R_2AZHWSSUZ7gAeVu","conj","mm",1.737875
"883","no_gap","R_2BnRYuqRU9MgxDH","conj","mm",0.935285714285714
"884","no_gap","R_2BtIrCsNLg3M5Hv","conj","mm",1.06142857142857
"885","no_gap","R_2c6m9mRMP3vRtxF","conj","mm",0.85025
"886","no_gap","R_2cc7FPRMpuGx2CV","conj","mm",0.513125
"887","no_gap","R_2CDt4ymTrZ6kFn0","conj","mm",1.73971428571429
"888","no_gap","R_2cnGgIRvbYUU2JM","conj","mm",0.841
"889","no_gap","R_2cvhE0HTQ1JO49j","conj","mm",1.5735
"890","no_gap","R_2dYKuSke1t2VOfa","conj","mm",0.64175
"891","no_gap","R_2f6VCNeHmcSqTrE","conj","mm",0.5745
"892","no_gap","R_2fD1bJjW95gw3LB","conj","mm",1.26483333333333
"893","no_gap","R_2P1NXSwrNBPPbSy","conj","mm",1.14125
"894","no_gap","R_2P5OftLBu8Xnm63","conj","mm",0.712
"895","no_gap","R_2pJiC30bA23mBP9","conj","mm",0.886625
"896","no_gap","R_2QggTeu9uNjR2Kz","conj","mm",1.57814285714286
"897","no_gap","R_2Qn8nKQlmurWj6x","conj","mm",1.27075
"898","no_gap","R_2qxGC4cTbe7xhyS","conj","mm",0.574428571428571
"899","no_gap","R_2R81qJfBkmFANkJ","conj","mm",1.068
"900","no_gap","R_2rVd3Udq0Naa4tm","conj","mm",1.153375
"901","no_gap","R_2s5BrOZwyfMmXNT","conj","mm",0.753875
"902","no_gap","R_2saKX0rCpQMSpWC","conj","mm",0.82125
"903","no_gap","R_2sZwXaQWcDrXX4J","conj","mm",0.645375
"904","no_gap","R_2t2RITW5Msrt0v1","conj","mm",0.741375
"905","no_gap","R_2t8PKxoTop4myWX","conj","mm",0.90825
"906","no_gap","R_2TvjCe31vsmiZgF","conj","mm",0.770875
"907","no_gap","R_2tzNr5GcFWibgNj","conj","mm",1.163
"908","no_gap","R_2uaROXK2JM6R5KN","conj","mm",0.643875
"909","no_gap","R_2uEyL6gg252E1VJ","conj","mm",0.788142857142857
"910","no_gap","R_2uPd3IAgL1aElYJ","conj","mm",0.771
"911","no_gap","R_2UYj6qVJqb6JhXS","conj","mm",0.765714285714286
"912","no_gap","R_2v1EkCyV15Ok7D5","conj","mm",0.69075
"913","no_gap","R_2v6M4LykwnHQpey","conj","mm",0.58375
"914","no_gap","R_2wgkGKCmXhgbs6f","conj","mm",0.720333333333333
"915","no_gap","R_2whKJfx0Nt043dd","conj","mm",0.509375
"916","no_gap","R_2xIZjV9sIl4RF6P","conj","mm",1.06885714285714
"917","no_gap","R_2xxfsrIN77B2IyP","conj","mm",1.737
"918","no_gap","R_2Y5SgzE2hzm4IzP","conj","mm",1.392375
"919","no_gap","R_2zMG3pjpYVG6q9D","conj","mm",1.60433333333333
"920","no_gap","R_2zZOxm6mvhN3djv","conj","mm",0.516125
"921","no_gap","R_31HQAyCP0raT1FV","conj","mm",0.524125
"922","no_gap","R_32Ph5gf2egyE3BQ","conj","mm",0.96775
"923","no_gap","R_32SfLOnCsAkGpkr","conj","mm",0.76725
"924","no_gap","R_389Zio7QxIjX2Gl","conj","mm",1.5665
"925","no_gap","R_3CE2psUILAye8Gw","conj","mm",1.924375
"926","no_gap","R_3CQ5KT4CZBYWAlC","conj","mm",0.663875
"927","no_gap","R_3dG1KAXAFwYYSNa","conj","mm",1.07228571428571
"928","no_gap","R_3dYB6FtZaYKmnQI","conj","mm",0.756125
"929","no_gap","R_3ekQwKF3mgu5b6t","conj","mm",0.7875
"930","no_gap","R_3emJvrH8C0R8XAf","conj","mm",1.066
"931","no_gap","R_3EnIpSKfpoFxj4q","conj","mm",1.0115
"932","no_gap","R_3F4Nuu63mcg282m","conj","mm",1.40942857142857
"933","no_gap","R_3fekyhJ51vsHhVz","conj","mm",0.64325
"934","no_gap","R_3huTrvGn33dOCmD","conj","mm",1.24914285714286
"935","no_gap","R_3hxsgJPCQz6ODRf","conj","mm",1.125625
"936","no_gap","R_3I6Ku341O3voRKF","conj","mm",1.51125
"937","no_gap","R_3IawjgtbqJ8vZS1","conj","mm",0.759375
"938","no_gap","R_3IbLExNViiL7Wmj","conj","mm",2.167
"939","no_gap","R_3isy7djZDjX51Zy","conj","mm",1.635375
"940","no_gap","R_3iUBe2A2sqTNxe6","conj","mm",0.821
"941","no_gap","R_3J5dZzQpHZlbptE","conj","mm",1.046
"942","no_gap","R_3J7WamqLp1arSYg","conj","mm",0.817
"943","no_gap","R_3J8imcd2CT8E7nV","conj","mm",0.69775
"944","no_gap","R_3JepjzwRIn4QNMa","conj","mm",1.31285714285714
"945","no_gap","R_3JKuKZTaXlZlS9L","conj","mm",0.896333333333333
"946","no_gap","R_3L0GKcwhfD3ONGp","conj","mm",0.66325
"947","no_gap","R_3L8bKSLPWWYQbb1","conj","mm",0.847
"948","no_gap","R_3lA2P9y5IuW1K16","conj","mm",0.600625
"949","no_gap","R_3lQSewC3zD0cqPm","conj","mm",0.54925
"950","no_gap","R_3lW8WmUtn8ktnqb","conj","mm",1.980625
"951","no_gap","R_3LYmXrQqAEkquZp","conj","mm",0.682875
"952","no_gap","R_3m29EB99jBC3eYM","conj","mm",0.586
"953","no_gap","R_3mfrYYubAvKcVXD","conj","mm",0.72925
"954","no_gap","R_3MrsBALpPMDdc4K","conj","mm",1.759
"955","no_gap","R_3MsZ1FtrecdI6Bk","conj","mm",1.036875
"956","no_gap","R_3ni4oB2dXSyqVt5","conj","mm",0.805428571428571
"957","no_gap","R_3NLrAGnHeCcusnN","conj","mm",0.85175
"958","no_gap","R_3nTN2on5k76PSqy","conj","mm",0.755714285714286
"959","no_gap","R_3nuRnyn8F7V1zzY","conj","mm",1.66
"960","no_gap","R_3nvCR77A2gIXUnU","conj","mm",0.95875
"961","no_gap","R_3OijgTkqK3N1vDR","conj","mm",0.910625
"962","no_gap","R_3PH8KwGY7M572k7","conj","mm",1.45433333333333
"963","no_gap","R_3PhNSDcozSxV4x6","conj","mm",0.563375
"964","no_gap","R_3PHnuh1NwQxBUke","conj","mm",0.709375
"965","no_gap","R_3plRloA3DMCWRlm","conj","mm",0.82
"966","no_gap","R_3PoF0xbH4zPk6H9","conj","mm",0.755714285714286
"967","no_gap","R_3PUkBY8ioPt2QHk","conj","mm",0.75975
"968","no_gap","R_3qE9UFs34ohzB4u","conj","mm",0.95825
"969","no_gap","R_3qIGvV1gBPeGAF3","conj","mm",0.663125
"970","no_gap","R_3qqgOHNsjhwxEbU","conj","mm",0.845
"971","no_gap","R_3r1hJN0OmOW9eWt","conj","mm",0.90825
"972","no_gap","R_3r2uzs1xxGdN7Xt","conj","mm",1.562875
"973","no_gap","R_3R2V7o3AKvD3riN","conj","mm",1.208
"974","no_gap","R_3sgjFLFAcfatVu1","conj","mm",0.993625
"975","no_gap","R_3snnTFxEmMWchE3","conj","mm",1.484625
"976","no_gap","R_4HGqzV1TmoKnmRb","conj","mm",1.072375
"977","no_gap","R_4UcujUnUkeMAjcd","conj","mm",1.091625
"978","no_gap","R_5AccJZEMv9dA7ZL","conj","mm",1.315125
"979","no_gap","R_5Bl0sD2ma6kOenD","conj","mm",1.78542857142857
"980","no_gap","R_6QoG7SGfNSA5MY1","conj","mm",1.252
"981","no_gap","R_78aLaJZ9ov7E4z7","conj","mm",1.44357142857143
"982","no_gap","R_7QYLh7Cv4ho9ne9","conj","mm",0.844125
"983","no_gap","R_8039DfpRFz4mdlD","conj","mm",1.075125
"984","no_gap","R_81zsKze4hKiO3Ch","conj","mm",0.633125
"985","no_gap","R_821ywZ3Ur7opgmR","conj","mm",1.39225
"986","no_gap","R_8qYu2CCKRBiPBjb","conj","mm",1.09625
"987","no_gap","R_AhqftoXBoaz9xId","conj","mm",0.857875
"988","no_gap","R_aXyHoAyLu9CDc4N","conj","mm",0.835428571428571
"989","no_gap","R_BEpHnJisiwxS1z3","conj","mm",1.783625
"990","no_gap","R_bj5pW4Iu3tLbUnT","conj","mm",2.5635
"991","no_gap","R_bJ8LN8hW9Wr5SFj","conj","mm",0.601
"992","no_gap","R_BV2jiQRnLfyGBYl","conj","mm",0.83675
"993","no_gap","R_Cjijzqk1J6xkLdf","conj","mm",0.683
"994","no_gap","R_d6C5372Rri91D57","conj","mm",1.270875
"995","no_gap","R_DcbIYJJOl9NfnSV","conj","mm",0.417625
"996","no_gap","R_dh9Z16ZeR9OmSJj","conj","mm",0.712
"997","no_gap","R_dm7E2sdo1YUjT3z","conj","mm",0.517875
"998","no_gap","R_dmY5Tc0WANqnPs5","conj","mm",1.00057142857143
"999","no_gap","R_eai96tm4PUo2JmF","conj","mm",0.835875
"1000","no_gap","R_eJrfTYcTp9qL7ix","conj","mm",0.733375
"1001","no_gap","R_eyNfgTiSRXT8Xi9","conj","mm",1.16128571428571
"1002","no_gap","R_O0WT1fmWD73IgCZ","conj","mm",0.869375
"1003","no_gap","R_Ope2sXA3sL6z35T","conj","mm",0.752
"1004","no_gap","R_PA36VyjszG9W9gt","conj","mm",1.54633333333333
"1005","no_gap","R_pufazghR2YH4Vqx","conj","mm",1.109
"1006","no_gap","R_PYUFtJ6v69P19WF","conj","mm",0.829375
"1007","no_gap","R_Q3QAyLhzVGkm1hL","conj","mm",0.90525
"1008","no_gap","R_r25ZrJt80L0xZ5v","conj","mm",0.967875
"1009","no_gap","R_sZRf0Q5e9LGW9gJ","conj","mm",2.35
"1010","no_gap","R_tLqTSkDsUZvWP4t","conj","mm",0.828625
"1011","no_gap","R_tQjTkAdN6h1rHHP","conj","mm",0.7545
"1012","no_gap","R_UA47gf9TzaRpJ0B","conj","mm",1.362125
"1013","no_gap","R_UnfbYQPONiXwHgB","conj","mm",1.36542857142857
"1014","no_gap","R_vcofmMoT48YgqGd","conj","mm",0.966
"1015","no_gap","R_vdAXj8lKTQiuvLj","conj","mm",1.4006
"1016","no_gap","R_vl7yAhjMq73ut4l","conj","mm",0.90175
"1017","no_gap","R_VPabY1AJYIyCZPz","conj","mm",1.069125
"1018","no_gap","R_W8LdRMuNzFlfzfX","conj","mm",0.59375
"1019","no_gap","R_WfBh84bVieh94u5","conj","mm",0.92025
"1020","no_gap","R_xfUcAaPbjk0g6Jz","conj","mm",0.709625
"1021","no_gap","R_Y050be3d1qTgt21","conj","mm",0.709
"1022","no_gap","R_ykzlIRPd0KX2ZW1","conj","mm",0.961625
"1023","no_gap","R_ypQ4ZCs1p2l24eJ","conj","mm",0.92325
"1024","no_gap","R_yPWGGeD3XC6CB0t","conj","mm",0.707
"1025","gap","R_1240oKwSUYFSJUY","conj","mm",0.623875
"1026","gap","R_125qGAPsEKNgCik","conj","mm",0.835333333333333
"1027","gap","R_1BYsxPc3DVzRRdc","conj","mm",1.168875
"1028","gap","R_1C4075atnBURXV9","conj","mm",0.843714285714286
"1029","gap","R_1Ca7oDDfGUuqpD2","conj","mm",0.897875
"1030","gap","R_1DUQTsUdLXCAotg","conj","mm",0.715125
"1031","gap","R_1Ed18J86Ydnz5JK","conj","mm",0.94725
"1032","gap","R_1F3O1RwVVn1ANjS","conj","mm",1.07142857142857
"1033","gap","R_1fd9g37kVcLlQon","conj","mm",0.867875
"1034","gap","R_1fjeMABd9YtFdM2","conj","mm",0.9455
"1035","gap","R_1FkyCxrQzCKlVM3","conj","mm",0.940714285714286
"1036","gap","R_1FlZaoI26lrL1xW","conj","mm",0.938125
"1037","gap","R_1FQy7LAFBlt3sbw","conj","mm",0.986125
"1038","gap","R_1FzvTdctlBl6mau","conj","mm",0.945125
"1039","gap","R_1GEw2ntVr6WT5FY","conj","mm",0.58675
"1040","gap","R_1gGFiI9dwPgNWnF","conj","mm",0.651166666666667
"1041","gap","R_1gTnf5neAjKhFhT","conj","mm",1.1368
"1042","gap","R_1H5WiYRCLXLoMr6","conj","mm",0.850875
"1043","gap","R_1hKL5I25Q84xW4U","conj","mm",2.501
"1044","gap","R_1hXp8VCud7SMiKb","conj","mm",0.646875
"1045","gap","R_1IagvrDfWeu1SzI","conj","mm",0.983285714285714
"1046","gap","R_1iffR2ZzRyikKgD","conj","mm",0.780857142857143
"1047","gap","R_1jrMskfuP7Mrr9S","conj","mm",0.486142857142857
"1048","gap","R_1K2LTDdSTkk0CkO","conj","mm",0.8335
"1049","gap","R_1KkDDjZQonL8jXf","conj","mm",1.198
"1050","gap","R_1lo8TnSLVLCPrMI","conj","mm",1.024
"1051","gap","R_1Nex25Z07JEPqPT","conj","mm",0.7995
"1052","gap","R_1oAMtAsotlpba75","conj","mm",0.880125
"1053","gap","R_1oBEFfxegvaFxqs","conj","mm",0.676714285714286
"1054","gap","R_1OE6gsnJdCYDJNp","conj","mm",1.07166666666667
"1055","gap","R_1OJJIMbAOHmEsc6","conj","mm",0.690571428571429
"1056","gap","R_1onlnd0PSlmh0kP","conj","mm",1.10042857142857
"1057","gap","R_1Oy5gti2oOMkrmx","conj","mm",1.36371428571429
"1058","gap","R_1pJPjmN0ZA5yTy2","conj","mm",2.02328571428571
"1059","gap","R_1ptx896QKfU4151","conj","mm",0.843
"1060","gap","R_1Q0nnQSbpfMIzl8","conj","mm",2.19466666666667
"1061","gap","R_1QcQ8lM8sMgbe9Z","conj","mm",0.65725
"1062","gap","R_1QhHQgn3oncjPVH","conj","mm",0.68875
"1063","gap","R_1r9CI6AFSBMawII","conj","mm",0.675625
"1064","gap","R_2107Kbqwjw5sjVi","conj","mm",0.548875
"1065","gap","R_21A0Opwy47DGP0D","conj","mm",0.664875
"1066","gap","R_21ixygMv7kGQldy","conj","mm",0.724625
"1067","gap","R_232mnWKrVorZxtV","conj","mm",1.40257142857143
"1068","gap","R_23UGi46yIwlgRIg","conj","mm",0.728625
"1069","gap","R_23V6KyyFTKNSfr0","conj","mm",1.1078
"1070","gap","R_24f2Xj2zVejGVvr","conj","mm",0.647375
"1071","gap","R_24MjDzYaj8vSl2F","conj","mm",0.906375
"1072","gap","R_26aTxals5ya98Bn","conj","mm",0.633285714285714
"1073","gap","R_27I2lMBC4C9HqXh","conj","mm",0.729142857142857
"1074","gap","R_27IKiFTRUeouja1","conj","mm",1.2385
"1075","gap","R_27TjhkHUtsmEKXv","conj","mm",1.3995
"1076","gap","R_29buiFpEHzEyviM","conj","mm",0.887875
"1077","gap","R_2AGbTgxStxS8OK7","conj","mm",0.826142857142857
"1078","gap","R_2ASEGOsJ8SHSVr5","conj","mm",1.03071428571429
"1079","gap","R_2bHPDYy6X92e2YW","conj","mm",0.795125
"1080","gap","R_2Bu63NcF98ifXiE","conj","mm",0.664125
"1081","gap","R_2CTk31LB5KSXTUK","conj","mm",0.440125
"1082","gap","R_2cubeyiZDy5kcWK","conj","mm",0.958142857142857
"1083","gap","R_2D5fuTu0fyLlRoG","conj","mm",0.817
"1084","gap","R_2dH0HFAfxeETPyV","conj","mm",0.832
"1085","gap","R_2diq2w8gEnf5L8z","conj","mm",0.750857142857143
"1086","gap","R_2DRKnOvAi7cEOEe","conj","mm",0.49175
"1087","gap","R_2e2xTrAELL35qnU","conj","mm",1.05128571428571
"1088","gap","R_2EAwGG7T8u9elvy","conj","mm",0.553
"1089","gap","R_2EGbNncbkrLeOBn","conj","mm",0.972
"1090","gap","R_2fBULLTffGRBWLb","conj","mm",1.163
"1091","gap","R_2fesTAMA2X5bx5T","conj","mm",0.498
"1092","gap","R_2fvMbaH7XgyVyCF","conj","mm",1.081
"1093","gap","R_2PutYEFsewiz88m","conj","mm",1.27225
"1094","gap","R_2PzXxMCgeJjWWLk","conj","mm",0.622875
"1095","gap","R_2q9ip8BsXKWy3tB","conj","mm",0.873833333333333
"1096","gap","R_2qCYwbcshBGMWl9","conj","mm",0.724
"1097","gap","R_2RPRywAKJIJoXwq","conj","mm",0.684
"1098","gap","R_2sSBN4IUEWRzEHE","conj","mm",1.44016666666667
"1099","gap","R_2t3eKQMwJ13cTxu","conj","mm",0.787833333333333
"1100","gap","R_2t5VMWadJZXwhol","conj","mm",0.874428571428571
"1101","gap","R_2tKElLKJ2RzYeOL","conj","mm",1.14575
"1102","gap","R_2TOewpP52D1ZcQi","conj","mm",0.859285714285714
"1103","gap","R_2TvIpggb40wzcMj","conj","mm",0.917333333333333
"1104","gap","R_2Ugx54Yz1N7CJ36","conj","mm",0.490125
"1105","gap","R_2UWLzuZCkACVgCP","conj","mm",1.058375
"1106","gap","R_2uZFhWaBfnO4ECU","conj","mm",1.26857142857143
"1107","gap","R_2VBBNsozbzxpfT9","conj","mm",0.609857142857143
"1108","gap","R_2Vx6MwTvzph2nt3","conj","mm",0.5995
"1109","gap","R_2w5NkTjpk5sIZmL","conj","mm",0.60025
"1110","gap","R_2z5D2HPnn3XvNKK","conj","mm",1.19333333333333
"1111","gap","R_2z5xbqVjjSIyJdo","conj","mm",0.86
"1112","gap","R_2zAzUdW0VLW47Ua","conj","mm",0.78225
"1113","gap","R_2zOyxhAfuZbfaqm","conj","mm",1.276125
"1114","gap","R_302H874OqnSbmug","conj","mm",1.27383333333333
"1115","gap","R_3061vbhI41l7m5V","conj","mm",0.8984
"1116","gap","R_31zRT6XRWDLt6XR","conj","mm",0.964875
"1117","gap","R_325E8Zcstn7PYYf","conj","mm",0.903833333333333
"1118","gap","R_32X7zIltyrBl2XJ","conj","mm",1.23733333333333
"1119","gap","R_33gvmuPR94pwSQR","conj","mm",1.09171428571429
"1120","gap","R_33wriurPRqAICJQ","conj","mm",0.74275
"1121","gap","R_3CH6GYzeXMmQ3BR","conj","mm",0.580428571428571
"1122","gap","R_3dYRf1LJJY5sNDQ","conj","mm",0.660125
"1123","gap","R_3dYYZ1eB57mzvcP","conj","mm",0.9845
"1124","gap","R_3E9zqUUokucmyvi","conj","mm",1.08575
"1125","gap","R_3EXNIE6ibfayydJ","conj","mm",0.49775
"1126","gap","R_3F54OWKljGjDYun","conj","mm",0.60725
"1127","gap","R_3fftJphDI5wp8jD","conj","mm",1.47614285714286
"1128","gap","R_3fIafKngtt8LCdv","conj","mm",0.83075
"1129","gap","R_3G3aqKAxalampJB","conj","mm",0.554571428571429
"1130","gap","R_3GfEE0tSJtpYpDK","conj","mm",0.898375
"1131","gap","R_3gMLdLQylpAUOCz","conj","mm",0.64325
"1132","gap","R_3GrJEh3BPMqoUIE","conj","mm",0.902285714285714
"1133","gap","R_3gSdxynZBUsA24l","conj","mm",0.836875
"1134","gap","R_3GwicDp1Qe1fIYu","conj","mm",1.363625
"1135","gap","R_3Hov1y7dOtcDZlE","conj","mm",1.42325
"1136","gap","R_3Ht3R1VCyo41bf7","conj","mm",0.651833333333333
"1137","gap","R_3Hzu7sZLBROTBKI","conj","mm",0.931285714285714
"1138","gap","R_3Ic5XcXj3i1cbFL","conj","mm",0.72825
"1139","gap","R_3iFr8MpMy69byrN","conj","mm",1.06975
"1140","gap","R_3j0uBCOqMwUzlCW","conj","mm",0.803142857142857
"1141","gap","R_3j9ApP6uO0ORpcw","conj","mm",0.845375
"1142","gap","R_3jAe4d8aowHEK53","conj","mm",1.70114285714286
"1143","gap","R_3JCQVowq4SWDWhO","conj","mm",0.647
"1144","gap","R_3JCuHa99Y2UioVU","conj","mm",1.44375
"1145","gap","R_3jSRUtmlwcSos3T","conj","mm",0.566125
"1146","gap","R_3jZIGhpufmzSmRG","conj","mm",1.559375
"1147","gap","R_3kANJhWZWQZHHzt","conj","mm",1.31271428571429
"1148","gap","R_3kAQUBQH7gOE6L4","conj","mm",0.652333333333333
"1149","gap","R_3koHaaGXSWbfZCH","conj","mm",0.683
"1150","gap","R_3kq4Tx7qydJo7oB","conj","mm",1.242375
"1151","gap","R_3KxCDvIBCFGJlB2","conj","mm",0.70275
"1152","gap","R_3lQ7ThL8ft9I4Xd","conj","mm",0.749857142857143
"1153","gap","R_3lQY2j5LMIXXK4u","conj","mm",0.676714285714286
"1154","gap","R_3lxHPjKjHR4VSZX","conj","mm",1.048
"1155","gap","R_3M5rXHlsQsfCfZ1","conj","mm",1.03225
"1156","gap","R_3NDueluChz5YLcK","conj","mm",0.915333333333333
"1157","gap","R_3nGjakNTDKLeUI5","conj","mm",1.44928571428571
"1158","gap","R_3nj6domOVc1jJjN","conj","mm",0.929
"1159","gap","R_3NJrbvniVjhQgVe","conj","mm",1.535875
"1160","gap","R_3NUHxGL0DDAFsRc","conj","mm",1.47475
"1161","gap","R_3NV3o9ELxm8q0OB","conj","mm",0.653875
"1162","gap","R_3paGJTFEkF29ztH","conj","mm",0.594625
"1163","gap","R_3peQmhVVM6LZ8Rq","conj","mm",1.22742857142857
"1164","gap","R_3PzqcG3ePjyMVoQ","conj","mm",1.2626
"1165","gap","R_3qU5FwC4OCJ7aqk","conj","mm",0.504714285714286
"1166","gap","R_3Rl6FSFxxA5e8ma","conj","mm",1.322875
"1167","gap","R_3Rl6VEWOBQmKqU6","conj","mm",0.63575
"1168","gap","R_3RmwoIz93sstbuX","conj","mm",0.619375
"1169","gap","R_3svpurCda9KfwHp","conj","mm",0.912625
"1170","gap","R_3Vm6NBKASkpNULn","conj","mm",2.1938
"1171","gap","R_4MlrIKWtWMynXgJ","conj","mm",0.79975
"1172","gap","R_4V0pQt6VgkQw0lb","conj","mm",1.19875
"1173","gap","R_5zD75iREBKTihMt","conj","mm",0.670875
"1174","gap","R_6AkMGcTw5XpOoSd","conj","mm",1.568125
"1175","gap","R_87dG0u6RSBe8bpD","conj","mm",0.634
"1176","gap","R_88lRNtWC8jzcvPr","conj","mm",0.656
"1177","gap","R_9SIq53ZIw0UeCMp","conj","mm",0.692375
"1178","gap","R_9ZV7VYa4WgGSoPT","conj","mm",0.473375
"1179","gap","R_a8Keqoc6RqZXPj3","conj","mm",1.4075
"1180","gap","R_AFYcy8WqCbGhYSB","conj","mm",0.694571428571429
"1181","gap","R_b1xBevGuDlgE5mp","conj","mm",0.6625
"1182","gap","R_bxcuLDEvGbOnKHT","conj","mm",1.886
"1183","gap","R_ClZZ8iH4ih5ZuSd","conj","mm",1.661
"1184","gap","R_dfYxqvX4G98rUXL","conj","mm",0.894714285714286
"1185","gap","R_eKdyzfVrqfswb1n","conj","mm",1.4445
"1186","gap","R_esMmOCJbTcEsIq5","conj","mm",1.2605
"1187","gap","R_O0SCTkaxAB7vjA5","conj","mm",0.861375
"1188","gap","R_OBikbvVJp5ZcCOt","conj","mm",0.9185
"1189","gap","R_OjUO1JZhl881Wdr","conj","mm",0.623625
"1190","gap","R_OkxFT8Yi5pR6dsB","conj","mm",1.111125
"1191","gap","R_OPCfSDjGV5SHORr","conj","mm",0.61
"1192","gap","R_pEoe2uY6YbOw3aF","conj","mm",0.474714285714286
"1193","gap","R_PIpINaW6xp0qDD3","conj","mm",0.63075
"1194","gap","R_pK7U209871YpYIN","conj","mm",1.486
"1195","gap","R_pngU1YVfrXpM6m5","conj","mm",0.525857142857143
"1196","gap","R_PSSk558zgwsdfq1","conj","mm",1.17614285714286
"1197","gap","R_pT8XhCOwudJrdq9","conj","mm",0.844285714285714
"1198","gap","R_Pwhzf2X9FTJWwcp","conj","mm",0.595875
"1199","gap","R_qL4FaXWkk1AqEmt","conj","mm",2.15625
"1200","gap","R_QoG98GIXlyTTQCB","conj","mm",0.766375
"1201","gap","R_R838SwdXuvvg13j","conj","mm",1.10475
"1202","gap","R_rcHQpWAv7AbsluV","conj","mm",0.8815
"1203","gap","R_rkiqrtdH01X2Uz7","conj","mm",1.24257142857143
"1204","gap","R_rpa23bPTMqxRuy5","conj","mm",0.87825
"1205","gap","R_RPRRh5b9RJjsLWF","conj","mm",2.342
"1206","gap","R_RxCmnVP4h0M2Iet","conj","mm",0.964
"1207","gap","R_SUAv0Djpf96vXsB","conj","mm",0.833571428571429
"1208","gap","R_szedVFAI7mc8uqt","conj","mm",0.512285714285714
"1209","gap","R_TjDuFk15r39Xrqh","conj","mm",0.791
"1210","gap","R_u220n4MBxTrGIqB","conj","mm",1.1765
"1211","gap","R_uk7jLfoyyvrie5P","conj","mm",0.661875
"1212","gap","R_uk8lyne8BTwZWx3","conj","mm",0.741
"1213","gap","R_vcRLjOIJganFB5L","conj","mm",0.803125
"1214","gap","R_vf2rDe2loSzFI4h","conj","mm",1.850625
"1215","gap","R_vMGeXCE2A7fFihP","conj","mm",0.858571428571429
"1216","gap","R_VO1OFG6TLIlFTbj","conj","mm",1.14028571428571
"1217","gap","R_voSsFXEsEVlpeMx","conj","mm",1.044625
"1218","gap","R_xaQjSryVetgbxMR","conj","mm",1.262
"1219","gap","R_xiuZL8oQedG2nrb","conj","mm",0.626125
"1220","gap","R_Y3NmOCLnLbfmdRT","conj","mm",0.619
"1221","gap","R_ykWwfg34VBujl0B","conj","mm",1.160375
"1222","gap","R_yPWVvpu60ycQ8P7","conj","mm",0.892166666666667
"1223","gap","R_z0je8cRGh1eQ8Rb","conj","mm",0.65925
"1224","gap","R_Z9PxP0CExYG8397","conj","mm",0.5325
"1225","gap","R_ZahaFNCfOgy05xL","conj","mm",1.278
"1226","gap","R_ZaxZDyOScZVjzz3","conj","mm",1.228125
"1227","gap","R_zZ3GrNWCcyKf98B","conj","mm",0.914125
"1228","no_gap","R_08x3yfNtCFtgBYl","sing","mm",1.9735
"1229","no_gap","R_0OmSAzFURsT3hND","sing","mm",1.29775
"1230","no_gap","R_10ZPMCCzcV8FG6A","sing","mm",0.740625
"1231","no_gap","R_12s68Ligswec1t3","sing","mm",0.550875
"1232","no_gap","R_1BPAkPhD282eIwa","sing","mm",0.916375
"1233","no_gap","R_1CDQa7qsN9RNzFH","sing","mm",1.301625
"1234","no_gap","R_1CJcSTbRoTUCqgI","sing","mm",1.28085714285714
"1235","no_gap","R_1cUmxE0nB0eQ5tx","sing","mm",1.016375
"1236","no_gap","R_1cUnP5PoHL3kGw8","sing","mm",1.27242857142857
"1237","no_gap","R_1cZYqPuI2ovCe8d","sing","mm",1.39928571428571
"1238","no_gap","R_1DuNzuDT2Ly6aYo","sing","mm",1.142
"1239","no_gap","R_1Ej3yOyXSRu4rHj","sing","mm",0.613375
"1240","no_gap","R_1eK9C4dUWMG5UoE","sing","mm",0.771625
"1241","no_gap","R_1erta2V92H4drrE","sing","mm",1.50275
"1242","no_gap","R_1ex76BKICzdLpi3","sing","mm",1.16
"1243","no_gap","R_1flJVVkbxzk1i5c","sing","mm",0.768375
"1244","no_gap","R_1g6KjG4gA3vEJF7","sing","mm",0.951625
"1245","no_gap","R_1gHKNsWNE1ugMUa","sing","mm",1.3305
"1246","no_gap","R_1HkLtKPGeWEXFwg","sing","mm",1.246375
"1247","no_gap","R_1HpZbLVjg7CUvTk","sing","mm",0.9665
"1248","no_gap","R_1hzkst2wvP8JIH4","sing","mm",0.647
"1249","no_gap","R_1IfTVw1P9JXGPqL","sing","mm",0.778875
"1250","no_gap","R_1imoeufCHjjazMW","sing","mm",0.784
"1251","no_gap","R_1IR8kofj9wFWdIF","sing","mm",1.4042
"1252","no_gap","R_1ISOn43feC1HgrC","sing","mm",0.937428571428571
"1253","no_gap","R_1IXVr7a4rbLclDy","sing","mm",1.59666666666667
"1254","no_gap","R_1jCgwQdSLoXJHUV","sing","mm",1.20475
"1255","no_gap","R_1jDKVL7IiGl9Yg2","sing","mm",1.542
"1256","no_gap","R_1jE8xih7Lg9IirX","sing","mm",0.471875
"1257","no_gap","R_1jH3pdKIvdSHNIY","sing","mm",0.729857142857143
"1258","no_gap","R_1jrzi2l761541zF","sing","mm",0.867571428571429
"1259","no_gap","R_1K3eLYRF0WM0F1x","sing","mm",1.503875
"1260","no_gap","R_1K6KGucq5uhaFzv","sing","mm",1.4715
"1261","no_gap","R_1K71a7Ou0dd9RDl","sing","mm",1.245125
"1262","no_gap","R_1KqDdYqdsxJyWIf","sing","mm",0.735
"1263","no_gap","R_1LXmTvk5iLuGEaA","sing","mm",0.7705
"1264","no_gap","R_1lzzukvJq3atYiQ","sing","mm",0.7285
"1265","no_gap","R_1mC4cBupoC4tHV4","sing","mm",0.847875
"1266","no_gap","R_1mIULYprIrOv92G","sing","mm",0.743285714285714
"1267","no_gap","R_1mmFOe3uknXraci","sing","mm",1.6105
"1268","no_gap","R_1nOO1BGaTXG8VNZ","sing","mm",1.170375
"1269","no_gap","R_1nOQ0qbgqQcSRz6","sing","mm",0.942
"1270","no_gap","R_1OkOyQCupky29ws","sing","mm",0.882
"1271","no_gap","R_1OVnUIQoDvuoLoa","sing","mm",1.409875
"1272","no_gap","R_1PemspRhIIq93Jq","sing","mm",1.686
"1273","no_gap","R_1pMrEEZMbPml0WU","sing","mm",0.72925
"1274","no_gap","R_1pukYYnbpsfMrZv","sing","mm",0.735125
"1275","no_gap","R_1PXVhaM73VwX7i7","sing","mm",0.472125
"1276","no_gap","R_1QDSGYxg9iGBQ1N","sing","mm",1.1125
"1277","no_gap","R_1qXpoOypYbjTRWl","sing","mm",1.67733333333333
"1278","no_gap","R_1rla5wg2eJeofgU","sing","mm",0.661
"1279","no_gap","R_1rvojTzRtsDhwWZ","sing","mm",0.59225
"1280","no_gap","R_1XqCDwzg1i2Esxj","sing","mm",1.72483333333333
"1281","no_gap","R_20Mv4w5vYeNCTls","sing","mm",0.91075
"1282","no_gap","R_23TwjQv7jVMZAHh","sing","mm",1.485625
"1283","no_gap","R_24HieJfWwUqqVSw","sing","mm",1.05885714285714
"1284","no_gap","R_24jTtLg98nGv99c","sing","mm",0.600625
"1285","no_gap","R_25BzCJwLFrqdpOi","sing","mm",2.602
"1286","no_gap","R_27EkFokF3zDCAFg","sing","mm",0.812428571428571
"1287","no_gap","R_27HkygMlXuzFDss","sing","mm",1.581875
"1288","no_gap","R_28B8ByTcmPbYYBi","sing","mm",0.850875
"1289","no_gap","R_290a4seCfd02VPe","sing","mm",0.8725
"1290","no_gap","R_29buJYsXisup2Mb","sing","mm",1.764
"1291","no_gap","R_2aDYCLDeHnDcoTK","sing","mm",0.727125
"1292","no_gap","R_2AZHWSSUZ7gAeVu","sing","mm",1.425
"1293","no_gap","R_2BnRYuqRU9MgxDH","sing","mm",0.81975
"1294","no_gap","R_2BtIrCsNLg3M5Hv","sing","mm",1.07271428571429
"1295","no_gap","R_2c6m9mRMP3vRtxF","sing","mm",1.44771428571429
"1296","no_gap","R_2cc7FPRMpuGx2CV","sing","mm",1.00042857142857
"1297","no_gap","R_2CDt4ymTrZ6kFn0","sing","mm",2.15433333333333
"1298","no_gap","R_2cnGgIRvbYUU2JM","sing","mm",1.002125
"1299","no_gap","R_2cvhE0HTQ1JO49j","sing","mm",1.02142857142857
"1300","no_gap","R_2dYKuSke1t2VOfa","sing","mm",0.644
"1301","no_gap","R_2f6VCNeHmcSqTrE","sing","mm",0.593142857142857
"1302","no_gap","R_2fD1bJjW95gw3LB","sing","mm",1.061
"1303","no_gap","R_2P1NXSwrNBPPbSy","sing","mm",1.37325
"1304","no_gap","R_2P5OftLBu8Xnm63","sing","mm",0.803571428571429
"1305","no_gap","R_2pJiC30bA23mBP9","sing","mm",0.982625
"1306","no_gap","R_2QggTeu9uNjR2Kz","sing","mm",2.01785714285714
"1307","no_gap","R_2Qn8nKQlmurWj6x","sing","mm",1.099
"1308","no_gap","R_2qxGC4cTbe7xhyS","sing","mm",0.87675
"1309","no_gap","R_2R81qJfBkmFANkJ","sing","mm",1.51857142857143
"1310","no_gap","R_2rVd3Udq0Naa4tm","sing","mm",0.889428571428571
"1311","no_gap","R_2s5BrOZwyfMmXNT","sing","mm",1.016375
"1312","no_gap","R_2saKX0rCpQMSpWC","sing","mm",0.72675
"1313","no_gap","R_2sZwXaQWcDrXX4J","sing","mm",0.7105
"1314","no_gap","R_2t2RITW5Msrt0v1","sing","mm",1.033375
"1315","no_gap","R_2t8PKxoTop4myWX","sing","mm",1.25225
"1316","no_gap","R_2TvjCe31vsmiZgF","sing","mm",1.061
"1317","no_gap","R_2tzNr5GcFWibgNj","sing","mm",1.25228571428571
"1318","no_gap","R_2uaROXK2JM6R5KN","sing","mm",0.842375
"1319","no_gap","R_2uEyL6gg252E1VJ","sing","mm",1.094375
"1320","no_gap","R_2uPd3IAgL1aElYJ","sing","mm",0.73
"1321","no_gap","R_2UYj6qVJqb6JhXS","sing","mm",0.883666666666667
"1322","no_gap","R_2v1EkCyV15Ok7D5","sing","mm",0.65175
"1323","no_gap","R_2v6M4LykwnHQpey","sing","mm",0.77525
"1324","no_gap","R_2wgkGKCmXhgbs6f","sing","mm",0.97125
"1325","no_gap","R_2whKJfx0Nt043dd","sing","mm",0.495125
"1326","no_gap","R_2xIZjV9sIl4RF6P","sing","mm",1.10725
"1327","no_gap","R_2xxfsrIN77B2IyP","sing","mm",1.58433333333333
"1328","no_gap","R_2Y5SgzE2hzm4IzP","sing","mm",1.31342857142857
"1329","no_gap","R_2zMG3pjpYVG6q9D","sing","mm",1.73471428571429
"1330","no_gap","R_2zZOxm6mvhN3djv","sing","mm",0.585625
"1331","no_gap","R_31HQAyCP0raT1FV","sing","mm",0.526142857142857
"1332","no_gap","R_32Ph5gf2egyE3BQ","sing","mm",0.894375
"1333","no_gap","R_32SfLOnCsAkGpkr","sing","mm",0.800714285714286
"1334","no_gap","R_389Zio7QxIjX2Gl","sing","mm",1.42325
"1335","no_gap","R_3CE2psUILAye8Gw","sing","mm",1.56425
"1336","no_gap","R_3CQ5KT4CZBYWAlC","sing","mm",0.774714285714286
"1337","no_gap","R_3dG1KAXAFwYYSNa","sing","mm",1.47514285714286
"1338","no_gap","R_3dYB6FtZaYKmnQI","sing","mm",0.8255
"1339","no_gap","R_3ekQwKF3mgu5b6t","sing","mm",0.694571428571429
"1340","no_gap","R_3emJvrH8C0R8XAf","sing","mm",1.218375
"1341","no_gap","R_3EnIpSKfpoFxj4q","sing","mm",1.83433333333333
"1342","no_gap","R_3F4Nuu63mcg282m","sing","mm",1.165375
"1343","no_gap","R_3fekyhJ51vsHhVz","sing","mm",0.692428571428571
"1344","no_gap","R_3huTrvGn33dOCmD","sing","mm",1.24575
"1345","no_gap","R_3hxsgJPCQz6ODRf","sing","mm",1.29614285714286
"1346","no_gap","R_3I6Ku341O3voRKF","sing","mm",1.57433333333333
"1347","no_gap","R_3IawjgtbqJ8vZS1","sing","mm",0.92875
"1348","no_gap","R_3IbLExNViiL7Wmj","sing","mm",0.982333333333333
"1349","no_gap","R_3isy7djZDjX51Zy","sing","mm",1.15566666666667
"1350","no_gap","R_3iUBe2A2sqTNxe6","sing","mm",0.531714285714286
"1351","no_gap","R_3J5dZzQpHZlbptE","sing","mm",1.8654
"1352","no_gap","R_3J7WamqLp1arSYg","sing","mm",0.94975
"1353","no_gap","R_3J8imcd2CT8E7nV","sing","mm",1.03142857142857
"1354","no_gap","R_3JepjzwRIn4QNMa","sing","mm",1.362
"1355","no_gap","R_3JKuKZTaXlZlS9L","sing","mm",1.265625
"1356","no_gap","R_3L0GKcwhfD3ONGp","sing","mm",0.6295
"1357","no_gap","R_3L8bKSLPWWYQbb1","sing","mm",1.071
"1358","no_gap","R_3lA2P9y5IuW1K16","sing","mm",0.6676
"1359","no_gap","R_3lQSewC3zD0cqPm","sing","mm",0.720125
"1360","no_gap","R_3lW8WmUtn8ktnqb","sing","mm",1.7724
"1361","no_gap","R_3LYmXrQqAEkquZp","sing","mm",0.708833333333333
"1362","no_gap","R_3m29EB99jBC3eYM","sing","mm",0.814
"1363","no_gap","R_3mfrYYubAvKcVXD","sing","mm",0.854375
"1364","no_gap","R_3MrsBALpPMDdc4K","sing","mm",2.137
"1365","no_gap","R_3MsZ1FtrecdI6Bk","sing","mm",1.00325
"1366","no_gap","R_3ni4oB2dXSyqVt5","sing","mm",0.587428571428571
"1367","no_gap","R_3NLrAGnHeCcusnN","sing","mm",1.18071428571429
"1368","no_gap","R_3nTN2on5k76PSqy","sing","mm",0.768125
"1369","no_gap","R_3nuRnyn8F7V1zzY","sing","mm",1.876
"1370","no_gap","R_3nvCR77A2gIXUnU","sing","mm",0.995857142857143
"1371","no_gap","R_3OijgTkqK3N1vDR","sing","mm",1.216875
"1372","no_gap","R_3PH8KwGY7M572k7","sing","mm",1.20585714285714
"1373","no_gap","R_3PhNSDcozSxV4x6","sing","mm",0.518142857142857
"1374","no_gap","R_3PHnuh1NwQxBUke","sing","mm",1.09
"1375","no_gap","R_3plRloA3DMCWRlm","sing","mm",0.897
"1376","no_gap","R_3PoF0xbH4zPk6H9","sing","mm",0.78375
"1377","no_gap","R_3PUkBY8ioPt2QHk","sing","mm",0.799125
"1378","no_gap","R_3qE9UFs34ohzB4u","sing","mm",1.05225
"1379","no_gap","R_3qIGvV1gBPeGAF3","sing","mm",1.07225
"1380","no_gap","R_3qqgOHNsjhwxEbU","sing","mm",0.949625
"1381","no_gap","R_3r1hJN0OmOW9eWt","sing","mm",1.22728571428571
"1382","no_gap","R_3r2uzs1xxGdN7Xt","sing","mm",1.84
"1383","no_gap","R_3R2V7o3AKvD3riN","sing","mm",1.109375
"1384","no_gap","R_3sgjFLFAcfatVu1","sing","mm",0.905666666666667
"1385","no_gap","R_3snnTFxEmMWchE3","sing","mm",1.36471428571429
"1386","no_gap","R_4HGqzV1TmoKnmRb","sing","mm",1.20528571428571
"1387","no_gap","R_4UcujUnUkeMAjcd","sing","mm",1.0565
"1388","no_gap","R_5AccJZEMv9dA7ZL","sing","mm",1.536125
"1389","no_gap","R_5Bl0sD2ma6kOenD","sing","mm",2.11625
"1390","no_gap","R_6QoG7SGfNSA5MY1","sing","mm",1.24785714285714
"1391","no_gap","R_78aLaJZ9ov7E4z7","sing","mm",1.25483333333333
"1392","no_gap","R_7QYLh7Cv4ho9ne9","sing","mm",1.011625
"1393","no_gap","R_8039DfpRFz4mdlD","sing","mm",1.11585714285714
"1394","no_gap","R_81zsKze4hKiO3Ch","sing","mm",0.62975
"1395","no_gap","R_821ywZ3Ur7opgmR","sing","mm",1.88157142857143
"1396","no_gap","R_8qYu2CCKRBiPBjb","sing","mm",0.876
"1397","no_gap","R_AhqftoXBoaz9xId","sing","mm",1.21825
"1398","no_gap","R_aXyHoAyLu9CDc4N","sing","mm",0.900375
"1399","no_gap","R_BEpHnJisiwxS1z3","sing","mm",1.59871428571429
"1400","no_gap","R_bj5pW4Iu3tLbUnT","sing","mm",2.10425
"1401","no_gap","R_bJ8LN8hW9Wr5SFj","sing","mm",0.597375
"1402","no_gap","R_BV2jiQRnLfyGBYl","sing","mm",0.973875
"1403","no_gap","R_Cjijzqk1J6xkLdf","sing","mm",0.9195
"1404","no_gap","R_d6C5372Rri91D57","sing","mm",1.58675
"1405","no_gap","R_DcbIYJJOl9NfnSV","sing","mm",0.808
"1406","no_gap","R_dh9Z16ZeR9OmSJj","sing","mm",0.66125
"1407","no_gap","R_dm7E2sdo1YUjT3z","sing","mm",0.50175
"1408","no_gap","R_dmY5Tc0WANqnPs5","sing","mm",1.482125
"1409","no_gap","R_eai96tm4PUo2JmF","sing","mm",0.85075
"1410","no_gap","R_eJrfTYcTp9qL7ix","sing","mm",1.11625
"1411","no_gap","R_eyNfgTiSRXT8Xi9","sing","mm",1.23214285714286
"1412","no_gap","R_O0WT1fmWD73IgCZ","sing","mm",1.40783333333333
"1413","no_gap","R_Ope2sXA3sL6z35T","sing","mm",0.855625
"1414","no_gap","R_PA36VyjszG9W9gt","sing","mm",1.0275
"1415","no_gap","R_pufazghR2YH4Vqx","sing","mm",1.00342857142857
"1416","no_gap","R_PYUFtJ6v69P19WF","sing","mm",0.739142857142857
"1417","no_gap","R_Q3QAyLhzVGkm1hL","sing","mm",0.982857142857143
"1418","no_gap","R_r25ZrJt80L0xZ5v","sing","mm",1.18028571428571
"1419","no_gap","R_sZRf0Q5e9LGW9gJ","sing","mm",2.37825
"1420","no_gap","R_tLqTSkDsUZvWP4t","sing","mm",0.904
"1421","no_gap","R_tQjTkAdN6h1rHHP","sing","mm",0.783142857142857
"1422","no_gap","R_UA47gf9TzaRpJ0B","sing","mm",1.434
"1423","no_gap","R_UnfbYQPONiXwHgB","sing","mm",1.266875
"1424","no_gap","R_vcofmMoT48YgqGd","sing","mm",1.31914285714286
"1425","no_gap","R_vdAXj8lKTQiuvLj","sing","mm",2.0668
"1426","no_gap","R_vl7yAhjMq73ut4l","sing","mm",1.040375
"1427","no_gap","R_VPabY1AJYIyCZPz","sing","mm",1.33585714285714
"1428","no_gap","R_W8LdRMuNzFlfzfX","sing","mm",0.6275
"1429","no_gap","R_WfBh84bVieh94u5","sing","mm",1.41385714285714
"1430","no_gap","R_xfUcAaPbjk0g6Jz","sing","mm",0.768625
"1431","no_gap","R_Y050be3d1qTgt21","sing","mm",0.995125
"1432","no_gap","R_ykzlIRPd0KX2ZW1","sing","mm",1.1605
"1433","no_gap","R_ypQ4ZCs1p2l24eJ","sing","mm",0.937714285714286
"1434","no_gap","R_yPWGGeD3XC6CB0t","sing","mm",0.90975
"1435","gap","R_1240oKwSUYFSJUY","sing","mm",0.827375
"1436","gap","R_125qGAPsEKNgCik","sing","mm",1.5594
"1437","gap","R_1BYsxPc3DVzRRdc","sing","mm",1.22071428571429
"1438","gap","R_1C4075atnBURXV9","sing","mm",0.57075
"1439","gap","R_1Ca7oDDfGUuqpD2","sing","mm",1.28814285714286
"1440","gap","R_1DUQTsUdLXCAotg","sing","mm",0.672571428571429
"1441","gap","R_1Ed18J86Ydnz5JK","sing","mm",0.721875
"1442","gap","R_1F3O1RwVVn1ANjS","sing","mm",0.703875
"1443","gap","R_1fd9g37kVcLlQon","sing","mm",0.8275
"1444","gap","R_1fjeMABd9YtFdM2","sing","mm",0.8676
"1445","gap","R_1FkyCxrQzCKlVM3","sing","mm",1.0235
"1446","gap","R_1FlZaoI26lrL1xW","sing","mm",0.634
"1447","gap","R_1FQy7LAFBlt3sbw","sing","mm",1.07283333333333
"1448","gap","R_1FzvTdctlBl6mau","sing","mm",1.012
"1449","gap","R_1GEw2ntVr6WT5FY","sing","mm",0.992125
"1450","gap","R_1gGFiI9dwPgNWnF","sing","mm",0.877625
"1451","gap","R_1gTnf5neAjKhFhT","sing","mm",1.23371428571429
"1452","gap","R_1H5WiYRCLXLoMr6","sing","mm",0.91625
"1453","gap","R_1hKL5I25Q84xW4U","sing","mm",2.1345
"1454","gap","R_1hXp8VCud7SMiKb","sing","mm",0.790857142857143
"1455","gap","R_1IagvrDfWeu1SzI","sing","mm",0.858625
"1456","gap","R_1iffR2ZzRyikKgD","sing","mm",0.669857142857143
"1457","gap","R_1jrMskfuP7Mrr9S","sing","mm",0.6505
"1458","gap","R_1K2LTDdSTkk0CkO","sing","mm",0.7038
"1459","gap","R_1KkDDjZQonL8jXf","sing","mm",1.2446
"1460","gap","R_1lo8TnSLVLCPrMI","sing","mm",0.918714285714286
"1461","gap","R_1Nex25Z07JEPqPT","sing","mm",0.80825
"1462","gap","R_1oAMtAsotlpba75","sing","mm",0.55025
"1463","gap","R_1oBEFfxegvaFxqs","sing","mm",1.170125
"1464","gap","R_1OE6gsnJdCYDJNp","sing","mm",1.40733333333333
"1465","gap","R_1OJJIMbAOHmEsc6","sing","mm",0.5695
"1466","gap","R_1onlnd0PSlmh0kP","sing","mm",1.76657142857143
"1467","gap","R_1Oy5gti2oOMkrmx","sing","mm",1.078
"1468","gap","R_1pJPjmN0ZA5yTy2","sing","mm",1.4975
"1469","gap","R_1ptx896QKfU4151","sing","mm",0.988
"1470","gap","R_1Q0nnQSbpfMIzl8","sing","mm",1.76785714285714
"1471","gap","R_1QcQ8lM8sMgbe9Z","sing","mm",0.908875
"1472","gap","R_1QhHQgn3oncjPVH","sing","mm",0.60675
"1473","gap","R_1r9CI6AFSBMawII","sing","mm",1.0708
"1474","gap","R_2107Kbqwjw5sjVi","sing","mm",0.886
"1475","gap","R_21A0Opwy47DGP0D","sing","mm",0.92225
"1476","gap","R_21ixygMv7kGQldy","sing","mm",1.080625
"1477","gap","R_232mnWKrVorZxtV","sing","mm",1.39342857142857
"1478","gap","R_23UGi46yIwlgRIg","sing","mm",0.646714285714286
"1479","gap","R_23V6KyyFTKNSfr0","sing","mm",1.16675
"1480","gap","R_24f2Xj2zVejGVvr","sing","mm",0.63
"1481","gap","R_24MjDzYaj8vSl2F","sing","mm",1.33285714285714
"1482","gap","R_26aTxals5ya98Bn","sing","mm",0.791142857142857
"1483","gap","R_27I2lMBC4C9HqXh","sing","mm",0.769
"1484","gap","R_27IKiFTRUeouja1","sing","mm",1.297875
"1485","gap","R_27TjhkHUtsmEKXv","sing","mm",1.483
"1486","gap","R_29buiFpEHzEyviM","sing","mm",0.42925
"1487","gap","R_2AGbTgxStxS8OK7","sing","mm",0.8655
"1488","gap","R_2ASEGOsJ8SHSVr5","sing","mm",1.074875
"1489","gap","R_2bHPDYy6X92e2YW","sing","mm",0.589125
"1490","gap","R_2Bu63NcF98ifXiE","sing","mm",0.659428571428571
"1491","gap","R_2CTk31LB5KSXTUK","sing","mm",0.61175
"1492","gap","R_2cubeyiZDy5kcWK","sing","mm",0.821
"1493","gap","R_2D5fuTu0fyLlRoG","sing","mm",0.765875
"1494","gap","R_2dH0HFAfxeETPyV","sing","mm",0.785
"1495","gap","R_2diq2w8gEnf5L8z","sing","mm",0.652375
"1496","gap","R_2DRKnOvAi7cEOEe","sing","mm",0.796285714285714
"1497","gap","R_2e2xTrAELL35qnU","sing","mm",0.78875
"1498","gap","R_2EAwGG7T8u9elvy","sing","mm",0.488875
"1499","gap","R_2EGbNncbkrLeOBn","sing","mm",1.3515
"1500","gap","R_2fBULLTffGRBWLb","sing","mm",1.263
"1501","gap","R_2fesTAMA2X5bx5T","sing","mm",0.5295
"1502","gap","R_2fvMbaH7XgyVyCF","sing","mm",1.2144
"1503","gap","R_2PutYEFsewiz88m","sing","mm",1.268
"1504","gap","R_2PzXxMCgeJjWWLk","sing","mm",0.974142857142857
"1505","gap","R_2q9ip8BsXKWy3tB","sing","mm",1.11185714285714
"1506","gap","R_2qCYwbcshBGMWl9","sing","mm",1.0355
"1507","gap","R_2RPRywAKJIJoXwq","sing","mm",1.05171428571429
"1508","gap","R_2sSBN4IUEWRzEHE","sing","mm",1.248375
"1509","gap","R_2t3eKQMwJ13cTxu","sing","mm",1.04471428571429
"1510","gap","R_2t5VMWadJZXwhol","sing","mm",1.296
"1511","gap","R_2tKElLKJ2RzYeOL","sing","mm",1.332875
"1512","gap","R_2TOewpP52D1ZcQi","sing","mm",0.654875
"1513","gap","R_2TvIpggb40wzcMj","sing","mm",0.607
"1514","gap","R_2Ugx54Yz1N7CJ36","sing","mm",0.80475
"1515","gap","R_2UWLzuZCkACVgCP","sing","mm",1.28242857142857
"1516","gap","R_2uZFhWaBfnO4ECU","sing","mm",1.23425
"1517","gap","R_2VBBNsozbzxpfT9","sing","mm",0.699285714285714
"1518","gap","R_2Vx6MwTvzph2nt3","sing","mm",1.0135
"1519","gap","R_2w5NkTjpk5sIZmL","sing","mm",0.581125
"1520","gap","R_2z5D2HPnn3XvNKK","sing","mm",0.807333333333333
"1521","gap","R_2z5xbqVjjSIyJdo","sing","mm",1.318
"1522","gap","R_2zAzUdW0VLW47Ua","sing","mm",0.794571428571429
"1523","gap","R_2zOyxhAfuZbfaqm","sing","mm",1.44328571428571
"1524","gap","R_302H874OqnSbmug","sing","mm",0.880125
"1525","gap","R_3061vbhI41l7m5V","sing","mm",0.80775
"1526","gap","R_31zRT6XRWDLt6XR","sing","mm",0.861571428571429
"1527","gap","R_325E8Zcstn7PYYf","sing","mm",1.056
"1528","gap","R_32X7zIltyrBl2XJ","sing","mm",1.16928571428571
"1529","gap","R_33gvmuPR94pwSQR","sing","mm",1.6608
"1530","gap","R_33wriurPRqAICJQ","sing","mm",1.32957142857143
"1531","gap","R_3CH6GYzeXMmQ3BR","sing","mm",0.820571428571429
"1532","gap","R_3dYRf1LJJY5sNDQ","sing","mm",0.80975
"1533","gap","R_3dYYZ1eB57mzvcP","sing","mm",0.5925
"1534","gap","R_3E9zqUUokucmyvi","sing","mm",1.18983333333333
"1535","gap","R_3EXNIE6ibfayydJ","sing","mm",0.527625
"1536","gap","R_3F54OWKljGjDYun","sing","mm",0.63125
"1537","gap","R_3fftJphDI5wp8jD","sing","mm",0.942875
"1538","gap","R_3fIafKngtt8LCdv","sing","mm",0.789285714285714
"1539","gap","R_3G3aqKAxalampJB","sing","mm",0.539125
"1540","gap","R_3GfEE0tSJtpYpDK","sing","mm",0.948125
"1541","gap","R_3gMLdLQylpAUOCz","sing","mm",0.665857142857143
"1542","gap","R_3GrJEh3BPMqoUIE","sing","mm",0.872
"1543","gap","R_3gSdxynZBUsA24l","sing","mm",1.02325
"1544","gap","R_3GwicDp1Qe1fIYu","sing","mm",0.947
"1545","gap","R_3Hov1y7dOtcDZlE","sing","mm",1.285
"1546","gap","R_3Ht3R1VCyo41bf7","sing","mm",0.9624
"1547","gap","R_3Hzu7sZLBROTBKI","sing","mm",0.86475
"1548","gap","R_3Ic5XcXj3i1cbFL","sing","mm",0.664666666666667
"1549","gap","R_3iFr8MpMy69byrN","sing","mm",1.11025
"1550","gap","R_3j0uBCOqMwUzlCW","sing","mm",0.83575
"1551","gap","R_3j9ApP6uO0ORpcw","sing","mm",0.736625
"1552","gap","R_3jAe4d8aowHEK53","sing","mm",1.30833333333333
"1553","gap","R_3JCQVowq4SWDWhO","sing","mm",0.580428571428571
"1554","gap","R_3JCuHa99Y2UioVU","sing","mm",1.51871428571429
"1555","gap","R_3jSRUtmlwcSos3T","sing","mm",0.488875
"1556","gap","R_3jZIGhpufmzSmRG","sing","mm",1.5068
"1557","gap","R_3kANJhWZWQZHHzt","sing","mm",1.28483333333333
"1558","gap","R_3kAQUBQH7gOE6L4","sing","mm",0.788
"1559","gap","R_3koHaaGXSWbfZCH","sing","mm",0.80875
"1560","gap","R_3kq4Tx7qydJo7oB","sing","mm",2.01916666666667
"1561","gap","R_3KxCDvIBCFGJlB2","sing","mm",0.688285714285714
"1562","gap","R_3lQ7ThL8ft9I4Xd","sing","mm",0.671
"1563","gap","R_3lQY2j5LMIXXK4u","sing","mm",0.691833333333333
"1564","gap","R_3lxHPjKjHR4VSZX","sing","mm",0.953666666666667
"1565","gap","R_3M5rXHlsQsfCfZ1","sing","mm",1.067
"1566","gap","R_3NDueluChz5YLcK","sing","mm",1.224
"1567","gap","R_3nGjakNTDKLeUI5","sing","mm",1.26614285714286
"1568","gap","R_3nj6domOVc1jJjN","sing","mm",1.23
"1569","gap","R_3NJrbvniVjhQgVe","sing","mm",1.3725
"1570","gap","R_3NUHxGL0DDAFsRc","sing","mm",1.10514285714286
"1571","gap","R_3NV3o9ELxm8q0OB","sing","mm",0.624625
"1572","gap","R_3paGJTFEkF29ztH","sing","mm",0.621
"1573","gap","R_3peQmhVVM6LZ8Rq","sing","mm",1.24875
"1574","gap","R_3PzqcG3ePjyMVoQ","sing","mm",0.79075
"1575","gap","R_3qU5FwC4OCJ7aqk","sing","mm",0.539375
"1576","gap","R_3Rl6FSFxxA5e8ma","sing","mm",1.025875
"1577","gap","R_3Rl6VEWOBQmKqU6","sing","mm",0.7275
"1578","gap","R_3RmwoIz93sstbuX","sing","mm",0.849571428571429
"1579","gap","R_3svpurCda9KfwHp","sing","mm",0.958428571428571
"1580","gap","R_3Vm6NBKASkpNULn","sing","mm",1.32085714285714
"1581","gap","R_4MlrIKWtWMynXgJ","sing","mm",0.638125
"1582","gap","R_4V0pQt6VgkQw0lb","sing","mm",1.09733333333333
"1583","gap","R_5zD75iREBKTihMt","sing","mm",0.775375
"1584","gap","R_6AkMGcTw5XpOoSd","sing","mm",1.49471428571429
"1585","gap","R_87dG0u6RSBe8bpD","sing","mm",0.538142857142857
"1586","gap","R_88lRNtWC8jzcvPr","sing","mm",1.054
"1587","gap","R_9SIq53ZIw0UeCMp","sing","mm",1.05757142857143
"1588","gap","R_9ZV7VYa4WgGSoPT","sing","mm",0.46375
"1589","gap","R_a8Keqoc6RqZXPj3","sing","mm",1.371
"1590","gap","R_AFYcy8WqCbGhYSB","sing","mm",0.9815
"1591","gap","R_b1xBevGuDlgE5mp","sing","mm",0.756857142857143
"1592","gap","R_bxcuLDEvGbOnKHT","sing","mm",1.793
"1593","gap","R_ClZZ8iH4ih5ZuSd","sing","mm",1.5822
"1594","gap","R_dfYxqvX4G98rUXL","sing","mm",0.572333333333333
"1595","gap","R_eKdyzfVrqfswb1n","sing","mm",1.88642857142857
"1596","gap","R_esMmOCJbTcEsIq5","sing","mm",0.857833333333333
"1597","gap","R_O0SCTkaxAB7vjA5","sing","mm",0.9165
"1598","gap","R_OBikbvVJp5ZcCOt","sing","mm",0.906285714285714
"1599","gap","R_OjUO1JZhl881Wdr","sing","mm",0.717142857142857
"1600","gap","R_OkxFT8Yi5pR6dsB","sing","mm",1.19225
"1601","gap","R_OPCfSDjGV5SHORr","sing","mm",0.729625
"1602","gap","R_pEoe2uY6YbOw3aF","sing","mm",0.462625
"1603","gap","R_PIpINaW6xp0qDD3","sing","mm",0.568
"1604","gap","R_pK7U209871YpYIN","sing","mm",1.43
"1605","gap","R_pngU1YVfrXpM6m5","sing","mm",0.595875
"1606","gap","R_PSSk558zgwsdfq1","sing","mm",1.03514285714286
"1607","gap","R_pT8XhCOwudJrdq9","sing","mm",0.952375
"1608","gap","R_Pwhzf2X9FTJWwcp","sing","mm",0.623142857142857
"1609","gap","R_QoG98GIXlyTTQCB","sing","mm",0.7665
"1610","gap","R_R838SwdXuvvg13j","sing","mm",1.028875
"1611","gap","R_rcHQpWAv7AbsluV","sing","mm",0.832875
"1612","gap","R_rkiqrtdH01X2Uz7","sing","mm",0.8625
"1613","gap","R_rpa23bPTMqxRuy5","sing","mm",1.28328571428571
"1614","gap","R_RPRRh5b9RJjsLWF","sing","mm",2.46666666666667
"1615","gap","R_RxCmnVP4h0M2Iet","sing","mm",1.04914285714286
"1616","gap","R_SUAv0Djpf96vXsB","sing","mm",1.1605
"1617","gap","R_szedVFAI7mc8uqt","sing","mm",0.6115
"1618","gap","R_TjDuFk15r39Xrqh","sing","mm",0.747428571428571
"1619","gap","R_u220n4MBxTrGIqB","sing","mm",0.79925
"1620","gap","R_uk7jLfoyyvrie5P","sing","mm",0.7052
"1621","gap","R_uk8lyne8BTwZWx3","sing","mm",0.54325
"1622","gap","R_vcRLjOIJganFB5L","sing","mm",0.6204
"1623","gap","R_vf2rDe2loSzFI4h","sing","mm",1.85775
"1624","gap","R_vMGeXCE2A7fFihP","sing","mm",1.29428571428571
"1625","gap","R_VO1OFG6TLIlFTbj","sing","mm",0.944
"1626","gap","R_voSsFXEsEVlpeMx","sing","mm",1.3435
"1627","gap","R_xaQjSryVetgbxMR","sing","mm",1.236
"1628","gap","R_xiuZL8oQedG2nrb","sing","mm",0.580714285714286
"1629","gap","R_Y3NmOCLnLbfmdRT","sing","mm",0.67175
"1630","gap","R_ykWwfg34VBujl0B","sing","mm",0.789125
"1631","gap","R_yPWVvpu60ycQ8P7","sing","mm",0.969
"1632","gap","R_z0je8cRGh1eQ8Rb","sing","mm",0.7515
"1633","gap","R_Z9PxP0CExYG8397","sing","mm",0.616428571428571
"1634","gap","R_ZahaFNCfOgy05xL","sing","mm",1.05714285714286
"1635","gap","R_ZaxZDyOScZVjzz3","sing","mm",0.86625
"1636","gap","R_zZ3GrNWCcyKf98B","sing","mm",0.81425
